scheme,constituent_fund,mpf_trustee,fund_type,launch_date,fund_size_hkd_m,risk_class,latest_fer,calendar_year_return_2025,calendar_year_return_2024,calendar_year_return_2023,calendar_year_return_2022,calendar_year_return_2021
AIA MPF - Prime Value Choice,Age 65 Plus Fund,AIAT,Mixed Assets Fund - Default Investment Strategy - Age 65 Plus Fund,01-04-2017,"2,726.97",4,0.78633,5.82,3.09,7.10,-14.78,0.89
AIA MPF - Prime Value Choice,American Fund,AIAT,Equity Fund - United States Equity Fund,23-09-2011,"7,568.72",5,0.82020,15.87,22.30,24.29,-19.30,26.50
AIA MPF - Prime Value Choice,Asian Bond Fund,AIAT,Bond Fund - Asia Bond Fund,23-09-2011,"1,946.28",4,0.78523,6.97,1.91,3.96,-8.62,-5.72
AIA MPF - Prime Value Choice,Asian Equity Fund,AIAT,Equity Fund - Asia Equity Fund,01-12-2004,"11,783.32",5,1.69349,34.34,7.24,13.62,-18.15,6.26
AIA MPF - Prime Value Choice,Balanced Portfolio,AIAT,Mixed Assets Fund - 41% to 60% Equity,01-12-2000,"8,739.52",4,1.66923,15.90,4.72,4.69,-16.22,0.19
AIA MPF - Prime Value Choice,Capital Stable Portfolio,AIAT,Mixed Assets Fund - 21% to 40% Equity,01-12-2000,"4,672.81",4,1.66408,11.68,2.30,4.72,-15.00,-1.17
AIA MPF - Prime Value Choice,China HK Dynamic Asset Allocation Fund,AIAT,Mixed Assets Fund - Uncategorized Mixed Asset Fund,04-07-2017,"1,280.62",5,1.25540,18.04,11.49,-9.08,-13.15,-8.03
AIA MPF - Prime Value Choice,Core Accumulation Fund,AIAT,Mixed Assets Fund - Default Investment Strategy - Core Accumulation Fund,01-04-2017,"9,214.27",4,0.77931,13.79,9.55,14.13,-16.22,9.63
AIA MPF - Prime Value Choice,Eurasia Fund,AIAT,Equity Fund - Uncategorized Equity Fund,23-09-2011,"1,245.36",5,0.83797,30.48,3.31,12.97,-16.32,6.96
AIA MPF - Prime Value Choice,European Equity Fund,AIAT,Equity Fund - Europe Equity Fund,01-01-2002,"3,579.30",5,1.67286,33.68,1.22,19.12,-14.27,20.05
AIA MPF - Prime Value Choice,Global Bond Fund,AIAT,Bond Fund - Global Bond Fund,01-12-2007,"3,478.58",4,0.97634,6.33,-1.64,5.09,-19.55,-5.61
AIA MPF - Prime Value Choice,Greater China Equity Fund,AIAT,Equity Fund - Greater China Equity Fund,01-12-2004,"21,443.51",6,1.67160,34.38,15.61,-5.76,-22.98,-7.15
AIA MPF - Prime Value Choice,Green Fund,AIAT,Equity Fund - Global Equity Fund,31-03-2006,"8,692.71",5,1.40513,18.43,17.29,22.90,-18.79,21.87
AIA MPF - Prime Value Choice,Growth Portfolio,AIAT,Mixed Assets Fund - 81% to 100% Equity,01-12-2000,"18,429.21",5,1.66770,25.23,10.20,6.98,-16.80,3.71
AIA MPF - Prime Value Choice,Guaranteed Portfolio,AIAT,Guaranteed Fund,01-12-2000,"10,738.46",1,1.55718,1.60,1.13,0.23,0.15,0.15
AIA MPF - Prime Value Choice,Hong Kong and China Fund,AIAT,Equity Fund - Hong Kong Equity Fund,23-09-2011,"6,351.45",6,0.77514,30.16,21.81,-11.15,-13.38,-13.64
AIA MPF - Prime Value Choice,Manager's Choice Fund,AIAT,Mixed Assets Fund - Uncategorized Mixed Asset Fund,01-08-2008,"5,510.97",4,1.46266,16.16,5.16,4.60,-16.37,2.76
AIA MPF - Prime Value Choice,MPF Conservative Fund,AIAT,Money Market Fund - MPF Conservative Fund,01-12-2000,"11,280.65",1,0.77701,2.15,3.23,3.08,0.66,0.11
AIA MPF - Prime Value Choice,North American Equity Fund,AIAT,Equity Fund - United States Equity Fund,01-01-2002,"13,258.00",5,1.67186,12.92,21.46,22.94,-17.73,27.16
AIA MPF - Prime Value Choice,World Fund,AIAT,Equity Fund - Global Equity Fund,01-12-2007,"4,846.61",5,0.83946,20.55,15.48,20.17,-18.22,19.17
AMTD MPF Scheme,AMTD Allianz Choice Balanced Fund,BCT,Mixed Assets Fund - 61% to 80% Equity,10-07-2009,71.25,4,1.21691,20.87,8.02,5.02,-15.76,2.15
AMTD MPF Scheme,AMTD Allianz Choice Capital Stable Fund,BCT,Mixed Assets Fund - 21% to 40% Equity,10-07-2009,43.78,4,1.21307,11.53,2.19,4.43,-14.43,-1.24
AMTD MPF Scheme,AMTD Allianz Choice Dynamic Allocation Fund,BCT,Mixed Assets Fund - Uncategorized Mixed Asset Fund,10-07-2009,31.25,3,1.19388,8.77,3.16,3.53,-7.20,5.85
AMTD MPF Scheme,AMTD Allianz Choice Growth Fund,BCT,Mixed Assets Fund - 81% to 100% Equity,10-07-2009,114.83,5,1.22173,25.59,11.01,5.52,-16.84,4.13
AMTD MPF Scheme,AMTD Allianz Choice Stable Growth Fund,BCT,Mixed Assets Fund - 41% to 60% Equity,10-07-2009,97.75,4,1.19879,16.33,5.13,4.78,-15.48,0.26
AMTD MPF Scheme,AMTD Invesco Age 65 Plus Fund,BCT,Mixed Assets Fund - Default Investment Strategy - Age 65 Plus Fund,01-04-2017,28.91,4,0.86585,6.71,3.63,7.93,-14.86,0.58
AMTD MPF Scheme,AMTD Invesco Asia Fund,BCT,Equity Fund - Asia Equity Fund,10-07-2009,74.73,5,1.28526,25.46,6.27,1.56,-22.81,-7.99
AMTD MPF Scheme,AMTD Invesco Core Accumulation Fund,BCT,Mixed Assets Fund - Default Investment Strategy - Core Accumulation Fund,01-04-2017,67.63,4,0.86864,15.40,10.81,15.70,-16.47,9.87
AMTD MPF Scheme,AMTD Invesco Europe Fund,BCT,Equity Fund - Europe Equity Fund,10-07-2009,41.93,5,1.32799,30.73,-2.88,19.31,-12.62,17.32
AMTD MPF Scheme,AMTD Invesco Global Bond Fund,BCT,Bond Fund - Global Bond Fund,10-07-2009,45.52,4,1.28576,6.33,-1.30,5.72,-13.23,-4.22
AMTD MPF Scheme,AMTD Invesco Hong Kong and China Fund,BCT,Equity Fund - Hong Kong Equity Fund,10-07-2009,159.76,6,1.20153,30.47,12.51,-19.75,-19.57,-18.49
AMTD MPF Scheme,AMTD Invesco MPF Conservative Fund,BCT,Money Market Fund - MPF Conservative Fund,10-07-2009,163.04,1,1.07379,1.91,3.13,2.63,0.30,0.00
AMTD MPF Scheme,AMTD Invesco Target 2028 Retirement Fund,BCT,Mixed Assets Fund - Uncategorized Mixed Asset Fund,10-07-2009,25.47,4,1.56304,13.68,2.47,4.86,-15.10,-1.93
AMTD MPF Scheme,AMTD Invesco Target 2038 Retirement Fund,BCT,Mixed Assets Fund - Uncategorized Mixed Asset Fund,10-07-2009,18.45,4,1.44876,17.29,4.40,4.68,-15.77,-1.04
AMTD MPF Scheme,AMTD Invesco Target 2048 Retirement Fund,BCT,Mixed Assets Fund - Uncategorized Mixed Asset Fund,10-07-2009,17.50,5,1.50239,20.79,6.00,4.18,-16.77,-0.23
AMTD MPF Scheme,AMTD Invesco Target Retirement Now Fund,BCT,Mixed Assets Fund - 21% to 40% Equity,10-07-2009,12.88,4,1.76868,12.01,1.32,4.80,-14.56,-2.88
BCOM Joyful Retirement MPF Scheme,BCOM Age 65 Plus Fund,BCOM,Mixed Assets Fund - Default Investment Strategy - Age 65 Plus Fund,01-04-2017,311.83,4,0.80352,7.12,3.84,8.47,-15.18,0.69
BCOM Joyful Retirement MPF Scheme,BCOM Asian Dynamic Equity (CF) Fund,BCOM,Equity Fund - Asia Equity Fund,25-10-2006,688.13,5,1.66070,19.97,9.44,4.62,-19.34,-2.82
BCOM Joyful Retirement MPF Scheme,BCOM Balanced (CF) Fund,BCOM,Mixed Assets Fund - 61% to 80% Equity,10-01-2006,567.00,4,1.54952,19.00,5.85,4.54,-16.46,-0.01
BCOM Joyful Retirement MPF Scheme,BCOM China Dynamic Equity (CF) Fund,BCOM,Equity Fund - China Equity Fund,01-06-2008,553.37,6,1.61505,30.36,17.53,-15.89,-27.08,-16.63
BCOM Joyful Retirement MPF Scheme,BCOM Core Accumulation Fund,BCOM,Mixed Assets Fund - Default Investment Strategy - Core Accumulation Fund,01-04-2017,"1,044.87",4,0.80191,15.77,11.10,16.09,-16.58,10.02
BCOM Joyful Retirement MPF Scheme,BCOM Dynamic Growth (CF) Fund,BCOM,Mixed Assets Fund - 81% to 100% Equity,25-10-2006,545.06,5,1.60214,25.45,10.67,5.23,-17.09,3.62
BCOM Joyful Retirement MPF Scheme,BCOM Global Bond (CF) Fund,BCOM,Bond Fund - Global Bond Fund,15-11-2010,270.18,4,1.14956,6.07,-1.40,5.92,-12.98,-4.02
BCOM Joyful Retirement MPF Scheme,BCOM Greater China Equity (CF) Fund,BCOM,Equity Fund - Greater China Equity Fund,15-11-2010,685.58,6,1.54498,37.11,12.05,-7.43,-23.18,-10.88
BCOM Joyful Retirement MPF Scheme,BCOM Guaranteed  (CF) Fund,BCOM,Guaranteed Fund,01-12-2000,896.91,3,1.72174,9.41,5.00,2.76,-5.25,-2.43
BCOM Joyful Retirement MPF Scheme,BCOM Hong Kong Dynamic Equity (CF) Fund,BCOM,Equity Fund - Hong Kong Equity Fund,17-10-2007,520.41,6,1.56437,34.67,14.90,-12.89,-21.26,-15.60
BCOM Joyful Retirement MPF Scheme,BCOM HSI ESG Tracking (CF) Fund,BCOM,Equity Fund - Hong Kong Equity Fund (Index Tracking),30-09-2009,612.09,6,0.95698,32.30,10.48,-15.51,-13.46,-12.63
BCOM Joyful Retirement MPF Scheme,BCOM MPF Conservative Fund,BCOM,Money Market Fund - MPF Conservative Fund,01-12-2000,"1,788.26",1,0.93116,2.01,3.31,3.24,0.43,0.00
BCOM Joyful Retirement MPF Scheme,BCOM North American Equity (CF) Fund,BCOM,Equity Fund - United States Equity Fund,01-02-2023,330.00,n.a.,1.06137,15.51,21.94,n.a.,n.a.,n.a.
BCOM Joyful Retirement MPF Scheme,BCOM Stable Growth (CF) Fund,BCOM,Mixed Assets Fund - 41% to 60% Equity,10-01-2006,675.14,4,1.53999,14.88,2.66,3.97,-16.63,-1.63
BCT (MPF) Industry Choice,BCT (Industry) Age 65 Plus Fund,BCT,Mixed Assets Fund - Default Investment Strategy - Age 65 Plus Fund,01-04-2017,480.57,4,0.85349,7.08,3.81,8.40,-15.19,0.64
BCT (MPF) Industry Choice,BCT (Industry) Asian Equity Fund,BCT,Equity Fund - Asia Equity Fund,01-05-2004,603.42,5,1.74461,26.63,9.74,1.20,-22.73,1.54
BCT (MPF) Industry Choice,BCT (Industry) China and Hong Kong Equity Fund,BCT,Equity Fund - Hong Kong Equity Fund,01-10-2002,942.89,6,1.67560,30.67,15.99,-16.26,-19.12,-16.08
BCT (MPF) Industry Choice,BCT (Industry) Core Accumulation Fund,BCT,Mixed Assets Fund - Default Investment Strategy - Core Accumulation Fund,01-04-2017,849.45,4,0.85490,15.72,11.03,16.02,-16.61,9.95
BCT (MPF) Industry Choice,BCT (Industry) E30 Mixed Asset Fund,BCT,Mixed Assets Fund - 21% to 40% Equity,01-12-2000,476.63,4,1.68707,10.71,1.57,5.26,-14.82,-2.90
BCT (MPF) Industry Choice,BCT (Industry) E50 Mixed Asset Fund,BCT,Mixed Assets Fund - 41% to 60% Equity,01-12-2000,414.12,4,1.69870,14.70,3.85,5.14,-15.72,-1.89
BCT (MPF) Industry Choice,BCT (Industry) E70 Mixed Asset Fund,BCT,Mixed Assets Fund - 61% to 80% Equity,01-12-2000,614.96,4,1.69592,18.94,6.22,5.07,-16.74,-0.95
BCT (MPF) Industry Choice,BCT (Industry) Flexi Mixed Asset Fund,BCT,Mixed Assets Fund - Uncategorized Mixed Asset Fund,01-08-2005,201.37,3,1.63473,8.29,2.79,3.25,-7.53,5.34
BCT (MPF) Industry Choice,BCT (Industry) Global Bond Fund,BCT,Bond Fund - Global Bond Fund,01-10-2002,163.07,4,1.58107,5.24,-3.54,2.34,-13.60,-4.31
BCT (MPF) Industry Choice,BCT (Industry) Global Equity Fund,BCT,Equity Fund - Global Equity Fund,01-10-2002,564.66,5,1.49977,18.67,16.88,18.42,-23.04,21.61
BCT (MPF) Industry Choice,BCT (Industry) MPF Conservative Fund,BCT,Money Market Fund - MPF Conservative Fund,01-12-2000,"1,812.76",1,0.97483,2.10,3.33,3.04,0.32,0.00
BCT (MPF) Industry Choice,BCT (Industry) RMB Bond Fund,BCT,Bond Fund - RMB Bond Fund,04-03-2013,213.89,3,1.27371,5.89,0.96,2.53,-5.45,2.23
BCT (MPF) Pro Choice,BCT (Pro) Age 65 Plus Fund,BCT,Mixed Assets Fund - Default Investment Strategy - Age 65 Plus Fund,01-04-2017,"1,356.79",4,0.77716,7.10,3.85,8.44,-15.06,0.72
BCT (MPF) Pro Choice,BCT (Pro) Asian Equity Fund,BCT,Equity Fund - Asia Equity Fund,01-05-2004,"5,857.89",5,1.60674,26.71,9.23,1.09,-22.59,-1.99
BCT (MPF) Pro Choice,BCT (Pro) Asian Income Retirement Fund,BCT,Mixed Assets Fund - Uncategorized Mixed Asset Fund,25-04-2022,545.88,3,1.56887,5.49,0.81,-1.79,n.a.,n.a.
BCT (MPF) Pro Choice,BCT (Pro) China and Hong Kong Equity Fund,BCT,Equity Fund - Hong Kong Equity Fund,01-01-2008,"9,231.18",6,1.48503,30.82,13.59,-16.04,-20.73,-16.21
BCT (MPF) Pro Choice,BCT (Pro) Core Accumulation Fund,BCT,Mixed Assets Fund - Default Investment Strategy - Core Accumulation Fund,01-04-2017,"5,892.36",4,0.77864,15.75,11.06,16.08,-16.51,9.98
BCT (MPF) Pro Choice,BCT (Pro) E30 Mixed Asset Fund,BCT,Mixed Assets Fund - 21% to 40% Equity,01-12-2000,"2,026.13",4,1.50039,10.80,1.50,5.36,-17.00,-3.35
BCT (MPF) Pro Choice,BCT (Pro) E50 Mixed Asset Fund,BCT,Mixed Assets Fund - 41% to 60% Equity,01-12-2000,"2,812.94",4,1.50375,14.96,4.35,5.62,-17.66,-1.54
BCT (MPF) Pro Choice,BCT (Pro) E70 Mixed Asset Fund,BCT,Mixed Assets Fund - 61% to 80% Equity,01-12-2000,"5,369.57",4,1.50659,19.30,7.21,5.88,-18.43,0.30
BCT (MPF) Pro Choice,BCT (Pro) E90 Mixed Asset Fund,BCT,Mixed Assets Fund - 81% to 100% Equity,27-10-2008,"1,118.98",5,1.50875,23.58,9.98,6.18,-19.08,2.32
BCT (MPF) Pro Choice,BCT (Pro) European Equity Fund,BCT,Equity Fund - Europe Equity Fund,01-01-2008,"1,448.90",5,1.56831,24.47,-2.05,18.54,-14.01,15.22
BCT (MPF) Pro Choice,BCT (Pro) Flexi Mixed Asset Fund,BCT,Mixed Assets Fund - Uncategorized Mixed Asset Fund,01-08-2005,"1,601.18",3,1.34922,8.53,3.07,3.52,-7.25,5.61
BCT (MPF) Pro Choice,BCT (Pro) Global Bond Fund,BCT,Bond Fund - Global Bond Fund,01-10-2002,"1,900.98",4,1.44457,5.36,-2.63,4.95,-15.97,-6.07
BCT (MPF) Pro Choice,BCT (Pro) Global Equity Fund,BCT,Equity Fund - Global Equity Fund,01-10-2002,"7,359.70",5,1.48709,19.15,15.21,19.00,-19.49,17.16
BCT (MPF) Pro Choice,BCT (Pro) Greater China Equity Fund,BCT,Equity Fund - Greater China Equity Fund,28-06-2012,"2,460.47",6,1.11247,24.14,15.87,-2.55,-21.49,-6.59
BCT (MPF) Pro Choice,BCT (Pro) Hang Seng Index Tracking Fund,BCT,Equity Fund - Hong Kong Equity Fund (Index Tracking),01-10-2009,"5,076.85",6,0.82718,30.20,21.83,-11.26,-13.27,-12.58
BCT (MPF) Pro Choice,BCT (Pro) Hong Kong Dollar Bond Fund,BCT,Bond Fund - Hong Kong Dollar Bond Fund,01-10-2009,"1,383.73",3,1.06685,5.48,3.02,5.96,-9.07,-1.37
BCT (MPF) Pro Choice,BCT (Pro) MPF Conservative Fund,BCT,Money Market Fund - MPF Conservative Fund,01-12-2000,"11,229.73",1,0.89678,2.11,3.40,3.18,0.32,0.00
BCT (MPF) Pro Choice,BCT (Pro) RMB Bond Fund,BCT,Bond Fund - RMB Bond Fund,04-03-2013,"1,001.26",3,1.22958,5.90,1.05,2.74,-5.48,2.20
BCT (MPF) Pro Choice,BCT (Pro) SaveEasy 2025 Fund,BCT,Mixed Assets Fund - Uncategorized Mixed Asset Fund,27-10-2008,785.06,4,1.23829,9.85,4.37,4.33,-19.94,0.97
BCT (MPF) Pro Choice,BCT (Pro) SaveEasy 2030 Fund,BCT,Mixed Assets Fund - Uncategorized Mixed Asset Fund,27-10-2008,845.99,5,1.48814,19.20,9.53,4.43,-20.55,1.11
BCT (MPF) Pro Choice,BCT (Pro) SaveEasy 2035 Fund,BCT,Mixed Assets Fund - Uncategorized Mixed Asset Fund,27-10-2008,908.09,5,1.49038,20.60,10.53,4.32,-20.82,1.28
BCT (MPF) Pro Choice,BCT (Pro) SaveEasy 2040 Fund,BCT,Mixed Assets Fund - Uncategorized Mixed Asset Fund,27-10-2008,"2,068.94",5,1.48462,21.81,10.97,4.37,-20.85,1.29
BCT (MPF) Pro Choice,BCT (Pro) SaveEasy 2045 Fund,BCT,Mixed Assets Fund - Uncategorized Mixed Asset Fund,23-11-2021,151.08,5,1.54241,21.58,10.81,4.45,-19.86,n.a.
BCT (MPF) Pro Choice,BCT (Pro) SaveEasy 2050 Fund,BCT,Mixed Assets Fund - Uncategorized Mixed Asset Fund,23-11-2021,267.92,5,1.50881,21.86,10.86,4.23,-19.73,n.a.
BCT (MPF) Pro Choice,BCT (Pro) U.S. Equity Fund,BCT,Equity Fund - United States Equity Fund,23-11-2021,"4,853.11",5,0.95380,16.17,21.76,25.10,-22.31,n.a.
BCT (MPF) Pro Choice,BCT (Pro) World Equity Fund,BCT,Equity Fund - Global Equity Fund,28-06-2012,"4,106.96",5,1.02840,19.82,14.76,18.26,-17.76,18.00
BCT Strategic MPF Scheme,Invesco Age 65 Plus Fund - Unit Class A,BCT,Mixed Assets Fund - Default Investment Strategy - Age 65 Plus Fund,01-04-2017,792.84,4,0.80013,7.14,3.88,8.53,-15.18,0.69
BCT Strategic MPF Scheme,Invesco Age 65 Plus Fund - Unit Class H,BCT,Mixed Assets Fund - Default Investment Strategy - Age 65 Plus Fund,01-04-2017,633.30,4,0.79930,7.14,3.88,8.53,-15.18,0.69
BCT Strategic MPF Scheme,Invesco Asian Equity Fund - Unit Class A,BCT,Equity Fund - Asia Equity Fund,28-09-2007,727.27,6,1.31055,25.39,6.30,1.68,-22.78,-8.05
BCT Strategic MPF Scheme,Invesco Asian Equity Fund - Unit Class H,BCT,Equity Fund - Asia Equity Fund,03-10-2007,953.46,6,1.18727,25.53,6.42,1.80,-22.69,-7.94
BCT Strategic MPF Scheme,Invesco Balanced Fund - Unit Class A,BCT,Mixed Assets Fund - 61% to 80% Equity,29-01-2001,"1,543.29",5,1.28760,20.03,5.50,5.54,-16.36,-0.52
BCT Strategic MPF Scheme,Invesco Balanced Fund - Unit Class H,BCT,Mixed Assets Fund - 61% to 80% Equity,12-02-2001,"1,347.36",5,1.16432,20.17,5.62,5.66,-16.26,-0.39
BCT Strategic MPF Scheme,Invesco Capital Stable Fund - Unit Class A,BCT,Mixed Assets Fund - 21% to 40% Equity,29-01-2001,901.88,4,1.27011,12.08,1.50,5.72,-14.44,-2.49
BCT Strategic MPF Scheme,Invesco Capital Stable Fund - Unit Class H,BCT,Mixed Assets Fund - 21% to 40% Equity,12-02-2001,662.53,4,1.14744,12.22,1.62,5.84,-14.34,-2.37
BCT Strategic MPF Scheme,Invesco Core Accumulation Fund - Unit Class A,BCT,Mixed Assets Fund - Default Investment Strategy - Core Accumulation Fund,01-04-2017,"1,148.08",4,0.80026,15.80,11.13,16.16,-16.61,10.05
BCT Strategic MPF Scheme,Invesco Core Accumulation Fund - Unit Class H,BCT,Mixed Assets Fund - Default Investment Strategy - Core Accumulation Fund,01-04-2017,909.61,4,0.79675,15.80,11.13,16.16,-16.61,10.05
BCT Strategic MPF Scheme,Invesco Global Bond Fund - Unit Class A,BCT,Bond Fund - Global Bond Fund,05-03-2003,502.99,4,1.25052,5.97,-1.54,5.86,-12.99,-4.10
BCT Strategic MPF Scheme,Invesco Global Bond Fund - Unit Class H,BCT,Bond Fund - Global Bond Fund,05-03-2003,569.52,4,1.12773,6.09,-1.42,5.98,-12.89,-3.99
BCT Strategic MPF Scheme,Invesco Global Index Tracking Fund - Unit Class A,BCT,Equity Fund - Global Equity Fund,09-06-2023,98.76,n.a.,1.15221,18.67,15.89,n.a.,n.a.,n.a.
BCT Strategic MPF Scheme,Invesco Global Index Tracking Fund - Unit Class H,BCT,Equity Fund - Global Equity Fund,09-06-2023,159.49,n.a.,1.14993,18.67,15.89,n.a.,n.a.,n.a.
BCT Strategic MPF Scheme,Invesco Growth Fund - Unit Class A,BCT,Equity Fund - Global Equity Fund,28-12-2000,"2,956.26",5,1.29723,24.91,7.94,5.63,-17.78,0.94
BCT Strategic MPF Scheme,Invesco Growth Fund - Unit Class H,BCT,Equity Fund - Global Equity Fund,12-02-2001,"2,899.96",5,1.17397,25.05,8.06,5.75,-17.68,1.06
BCT Strategic MPF Scheme,Invesco Hang Seng Index Tracking Fund - Unit Class A,BCT,Equity Fund - Hong Kong Equity Fund (Index Tracking),31-07-2014,427.69,7,0.79266,30.34,21.79,-11.14,-13.17,-12.84
BCT Strategic MPF Scheme,Invesco Hang Seng Index Tracking Fund - Unit Class H,BCT,Equity Fund - Hong Kong Equity Fund (Index Tracking),31-07-2014,491.96,7,0.75084,30.40,21.84,-11.10,-13.14,-12.81
BCT Strategic MPF Scheme,Invesco Hong Kong and China Equity Fund - Unit Class A,BCT,Equity Fund - Hong Kong Equity Fund,05-03-2003,"1,635.99",7,1.24992,30.82,12.50,-19.97,-19.68,-18.64
BCT Strategic MPF Scheme,Invesco Hong Kong and China Equity Fund - Unit Class H,BCT,Equity Fund - Hong Kong Equity Fund,03-03-2003,"2,063.31",7,1.12778,30.98,12.64,-19.88,-19.58,-18.54
BCT Strategic MPF Scheme,Invesco MPF Conservative Fund - Unit Class A,BCT,Money Market Fund - MPF Conservative Fund,29-01-2001,"1,438.19",1,0.68966,2.30,3.61,3.57,0.42,0.00
BCT Strategic MPF Scheme,Invesco MPF Conservative Fund - Unit Class H,BCT,Money Market Fund - MPF Conservative Fund,12-02-2001,"1,502.16",1,0.68831,2.30,3.61,3.57,0.42,0.00
BCT Strategic MPF Scheme,Invesco RMB Bond Fund - Unit Class A,BCT,Bond Fund - RMB Bond Fund,05-03-2013,171.43,3,1.24665,5.94,1.00,2.55,-5.45,2.21
BCT Strategic MPF Scheme,Invesco RMB Bond Fund - Unit Class H,BCT,Bond Fund - RMB Bond Fund,06-03-2013,248.62,3,1.12379,6.06,1.13,2.67,-5.33,2.34
BCT Strategic MPF Scheme,Invesco US Index Tracking Fund - Unit Class A,BCT,Equity Fund - United States Equity Fund,09-06-2023,297.21,n.a.,1.04145,13.60,21.69,n.a.,n.a.,n.a.
BCT Strategic MPF Scheme,Invesco US Index Tracking Fund - Unit Class H,BCT,Equity Fund - United States Equity Fund,09-06-2023,437.54,n.a.,1.03905,13.60,21.69,n.a.,n.a.,n.a.
BEA (MPF) Industry Scheme,BEA (Industry Scheme) Age 65 Plus Fund ,BEA,Mixed Assets Fund - Default Investment Strategy - Age 65 Plus Fund,01-04-2017,"1,147.59",4,0.77571,5.95,3.42,7.57,-14.35,0.97
BEA (MPF) Industry Scheme,BEA (Industry Scheme) Asian Equity Fund,BEA,Equity Fund - Asia Equity Fund,31-01-2012,671.28,5,1.29050,33.14,14.05,4.75,-24.41,0.03
BEA (MPF) Industry Scheme,BEA (Industry Scheme) Balanced Fund,BEA,Mixed Assets Fund - 41% to 60% Equity,01-12-2000,"1,948.03",4,1.34068,14.64,5.24,5.16,-17.27,-0.67
BEA (MPF) Industry Scheme,BEA (Industry Scheme) Core Accumulation Fund,BEA,Mixed Assets Fund - Default Investment Strategy - Core Accumulation Fund,01-04-2017,"3,670.22",4,0.77687,12.45,11.36,14.63,-15.96,9.54
BEA (MPF) Industry Scheme,BEA (Industry Scheme) Greater China Equity Fund,BEA,Equity Fund - Greater China Equity Fund,04-01-2010,980.22,6,1.29682,35.56,15.67,-6.94,-26.93,-4.43
BEA (MPF) Industry Scheme,BEA (Industry Scheme) Growth Fund,BEA,Mixed Assets Fund - 61% to 80% Equity,01-12-2000,"3,888.95",5,1.37183,19.60,8.48,5.62,-18.05,1.12
BEA (MPF) Industry Scheme,BEA (Industry Scheme) Hong Kong Equity Fund,BEA,Equity Fund - Hong Kong Equity Fund,04-01-2010,765.37,7,1.27899,34.21,16.63,-15.36,-24.51,-15.66
BEA (MPF) Industry Scheme,BEA (Industry Scheme) MPF Conservative Fund,BEA,Money Market Fund - MPF Conservative Fund,01-12-2000,"3,986.72",1,0.80767,1.92,3.41,3.42,0.35,0.01
BEA (MPF) Industry Scheme,BEA (Industry Scheme) RMB & HKD Money Market Fund,BEA,Money Market Fund - Other than MPF Conservative Fund,03-07-2012,256.40,3,0.79088,4.30,0.14,1.10,-4.05,2.56
BEA (MPF) Industry Scheme,BEA (Industry Scheme) Stable Fund,BEA,Mixed Assets Fund - 21% to 40% Equity,01-12-2000,"3,023.39",4,1.31067,10.11,2.09,4.49,-15.95,-2.33
BEA (MPF) Industry Scheme,BEA China Tracker Fund,BEA,Equity Fund - China Equity Fund,31-01-2012,175.47,7,1.17257,24.59,29.45,-12.35,-16.54,-22.11
BEA (MPF) Industry Scheme,BEA Hong Kong Tracker Fund,BEA,Equity Fund - Hong Kong Equity Fund (Index Tracking),31-01-2012,205.52,7,0.58317,30.51,21.97,-10.92,-12.99,-12.36
BEA (MPF) Master Trust Scheme,BEA (MPF) Age 65 Plus Fund,BEA,Mixed Assets Fund - Default Investment Strategy - Age 65 Plus Fund,01-04-2017,"1,039.25",4,0.78021,5.95,3.42,7.59,-14.35,0.96
BEA (MPF) Master Trust Scheme,BEA (MPF) Asian Equity Fund,BEA,Equity Fund - Asia Equity Fund,01-09-2005,"1,524.02",5,1.31850,33.60,14.26,4.82,-24.86,-0.17
BEA (MPF) Master Trust Scheme,BEA (MPF) Balanced Fund,BEA,Mixed Assets Fund - 41% to 60% Equity,01-12-2000,"1,840.89",4,1.34166,14.72,5.31,5.18,-17.30,-0.66
BEA (MPF) Master Trust Scheme,BEA (MPF) Conservative Fund,BEA,Money Market Fund - MPF Conservative Fund,01-12-2000,"1,833.31",1,0.80857,1.94,3.38,3.40,0.35,-0.01
BEA (MPF) Master Trust Scheme,BEA (MPF) Core Accumulation Fund,BEA,Mixed Assets Fund - Default Investment Strategy - Core Accumulation Fund,01-04-2017,"1,207.65",4,0.77948,12.45,11.35,14.64,-15.96,9.54
BEA (MPF) Master Trust Scheme,BEA (MPF) European Equity Fund,BEA,Equity Fund - Europe Equity Fund,04-01-2010,206.11,5,1.39690,28.40,1.61,15.56,-13.75,14.37
BEA (MPF) Master Trust Scheme,BEA (MPF) Global Bond Fund,BEA,Bond Fund - Global Bond Fund,01-09-2005,356.18,4,1.05130,4.67,-2.70,3.85,-15.72,-5.43
BEA (MPF) Master Trust Scheme,BEA (MPF) Global Equity Fund,BEA,Equity Fund - Global Equity Fund,04-01-2010,732.81,5,1.25072,18.21,18.07,20.67,-17.95,17.68
BEA (MPF) Master Trust Scheme,BEA (MPF) Greater China Equity Fund,BEA,Equity Fund - Greater China Equity Fund,01-12-2006,"1,838.34",6,1.28586,35.62,16.30,-7.27,-26.84,-5.63
BEA (MPF) Master Trust Scheme,BEA (MPF) Growth Fund,BEA,Mixed Assets Fund - 61% to 80% Equity,01-12-2000,"3,910.12",5,1.37488,19.65,8.53,5.64,-18.12,1.10
BEA (MPF) Master Trust Scheme,BEA (MPF) Hong Kong Equity Fund,BEA,Equity Fund - Hong Kong Equity Fund,01-09-2005,"1,032.81",7,1.28325,34.19,16.65,-15.53,-24.51,-15.76
BEA (MPF) Master Trust Scheme,BEA (MPF) Japan Equity Fund,BEA,Equity Fund - Japan Equity Fund,01-12-2006,224.40,5,1.35966,23.71,13.77,21.72,-14.10,3.89
BEA (MPF) Master Trust Scheme,BEA (MPF) North American Equity Fund,BEA,Equity Fund - United States Equity Fund,31-01-2012,"1,143.21",5,1.24901,16.82,20.50,23.07,-19.33,26.17
BEA (MPF) Master Trust Scheme,BEA (MPF) RMB & HKD Money Market Fund,BEA,Money Market Fund - Other than MPF Conservative Fund,03-07-2012,184.56,3,0.79543,4.19,0.43,1.17,-4.15,2.66
BEA (MPF) Master Trust Scheme,BEA (MPF) Stable Fund,BEA,Mixed Assets Fund - 21% to 40% Equity,01-12-2000,"1,866.20",4,1.31468,10.11,2.08,4.49,-16.00,-2.33
BEA (MPF) Master Trust Scheme,BEA China Tracker Fund,BEA,Equity Fund - China Equity Fund,31-01-2012,170.41,7,1.19223,24.49,29.29,-12.44,-16.58,-22.21
BEA (MPF) Master Trust Scheme,BEA Hong Kong Tracker Fund,BEA,Equity Fund - Hong Kong Equity Fund (Index Tracking),31-01-2012,340.93,7,0.59660,30.54,21.80,-10.97,-13.11,-12.43
BEA (MPF) Value Scheme,BEA Age 65 Plus Fund ,BEA,Mixed Assets Fund - Default Investment Strategy - Age 65 Plus Fund,01-04-2017,12.76,4,0.84302,5.92,3.31,7.51,-14.39,0.82
BEA (MPF) Value Scheme,BEA Asian Equity Fund,BEA,Equity Fund - Asia Equity Fund,25-10-2012,17.09,5,0.97668,34.32,13.23,4.82,-24.21,-4.33
BEA (MPF) Value Scheme,BEA Balanced Fund,BEA,Mixed Assets Fund - 41% to 60% Equity,25-10-2012,20.24,4,0.96420,16.92,6.39,6.45,-17.54,0.76
BEA (MPF) Value Scheme,BEA Core Accumulation Fund ,BEA,Mixed Assets Fund - Default Investment Strategy - Core Accumulation Fund,01-04-2017,33.53,4,0.82147,12.38,11.31,14.58,-16.00,9.45
BEA (MPF) Value Scheme,BEA Global Bond Fund,BEA,Bond Fund - Global Bond Fund,25-10-2012,8.90,4,0.92715,4.56,-3.39,3.72,-16.28,-5.92
BEA (MPF) Value Scheme,BEA Global Equity Fund,BEA,Equity Fund - Global Equity Fund,25-10-2012,34.94,5,0.95234,18.19,18.59,21.00,-17.78,17.94
BEA (MPF) Value Scheme,BEA Greater China Equity Fund,BEA,Equity Fund - Greater China Equity Fund,25-10-2012,34.51,6,0.96335,36.54,16.15,-6.61,-26.34,-3.90
BEA (MPF) Value Scheme,BEA Growth Fund,BEA,Mixed Assets Fund - 61% to 80% Equity,25-10-2012,29.93,5,0.97939,22.07,9.74,7.24,-18.74,2.99
BEA (MPF) Value Scheme,BEA Hong Kong Tracker Fund,BEA,Equity Fund - Hong Kong Equity Fund (Index Tracking),25-10-2012,23.53,7,0.69026,30.30,21.59,-11.12,-13.30,-12.59
BEA (MPF) Value Scheme,BEA MPF Conservative Fund,BEA,Money Market Fund - MPF Conservative Fund,25-10-2012,30.93,1,0.78556,1.85,3.45,3.49,0.35,0.02
BEA (MPF) Value Scheme,BEA Stable Fund,BEA,Mixed Assets Fund - 21% to 40% Equity,25-10-2012,14.22,4,0.95500,12.11,3.05,5.67,-16.27,-1.38
BOC-Prudential Easy-Choice Mandatory Provident Fund Scheme,BOC-Prudential Age 65 Plus Fund,BOCIP,Mixed Assets Fund - Default Investment Strategy - Age 65 Plus Fund,01-04-2017,"2,094.08",4,0.76799,5.83,3.51,7.44,-14.69,1.06
BOC-Prudential Easy-Choice Mandatory Provident Fund Scheme,BOC-Prudential Asia Equity Fund,BOCIP,Equity Fund - Asia Equity Fund,03-10-2006,"5,194.64",5,1.70266,28.23,10.12,5.00,-16.96,0.22
BOC-Prudential Easy-Choice Mandatory Provident Fund Scheme,BOC-Prudential Balanced Fund,BOCIP,Mixed Assets Fund - 41% to 60% Equity,13-12-2000,"8,046.79",4,1.67227,16.69,3.81,5.60,-15.58,0.48
BOC-Prudential Easy-Choice Mandatory Provident Fund Scheme,BOC-Prudential Bond Fund,BOCIP,Bond Fund - Global Bond Fund,15-04-2003,"3,120.39",4,1.51145,5.16,-2.66,3.61,-16.70,-5.57
BOC-Prudential Easy-Choice Mandatory Provident Fund Scheme,BOC-Prudential China Equity Fund,BOCIP,Equity Fund - China Equity Fund,15-10-2007,"8,637.59",7,1.74670,30.47,19.65,-16.27,-21.49,-16.17
BOC-Prudential Easy-Choice Mandatory Provident Fund Scheme,BOC-Prudential Core Accumulation Fund,BOCIP,Mixed Assets Fund - Default Investment Strategy - Core Accumulation Fund,01-04-2017,"7,759.75",4,0.75807,13.89,9.73,14.39,-15.96,9.66
BOC-Prudential Easy-Choice Mandatory Provident Fund Scheme,BOC-Prudential CSI HK 100 Tracker Fund,BOCIP,Equity Fund - Hong Kong Equity Fund (Index Tracking),03-09-2012,"2,566.87",7,1.14744,32.44,20.54,-11.13,-16.43,-14.81
BOC-Prudential Easy-Choice Mandatory Provident Fund Scheme,BOC-Prudential European Index Tracking Fund,BOCIP,Equity Fund - Europe Equity Fund,03-09-2012,"1,909.04",5,1.04393,29.27,2.80,17.42,-13.32,17.62
BOC-Prudential Easy-Choice Mandatory Provident Fund Scheme,BOC-Prudential Global Equity Fund,BOCIP,Equity Fund - Global Equity Fund,15-04-2003,"11,153.98",5,1.67957,19.77,15.06,19.93,-17.89,18.08
BOC-Prudential Easy-Choice Mandatory Provident Fund Scheme,BOC-Prudential Growth Fund,BOCIP,Mixed Assets Fund - 81% to 100% Equity,13-12-2000,"16,674.53",5,1.68152,25.62,10.48,7.56,-16.06,4.54
BOC-Prudential Easy-Choice Mandatory Provident Fund Scheme,BOC-Prudential Hong Kong Equity Fund,BOCIP,Equity Fund - Hong Kong Equity Fund,15-04-2003,"12,510.21",7,1.67216,33.70,17.33,-12.64,-17.19,-15.50
BOC-Prudential Easy-Choice Mandatory Provident Fund Scheme,BOC-Prudential Hong Kong Stable Retirement Fund,BOCIP,Mixed Assets Fund - Uncategorized Mixed Asset Fund,21-11-2022,818.17,n.a.,1.41330,7.38,4.76,6.57,n.a.,n.a.
BOC-Prudential Easy-Choice Mandatory Provident Fund Scheme,BOC-Prudential Japan Equity Fund,BOCIP,Equity Fund - Japan Equity Fund,03-10-2006,"1,860.65",4,1.66729,24.60,11.31,21.74,-13.00,3.14
BOC-Prudential Easy-Choice Mandatory Provident Fund Scheme,BOC-Prudential MPF Conservative Fund,BOCIP,Money Market Fund - MPF Conservative Fund,13-12-2000,"14,972.07",1,0.81440,2.32,3.82,3.74,0.55,0.00
BOC-Prudential Easy-Choice Mandatory Provident Fund Scheme,BOC-Prudential MPF RMB & HKD Money Market Fund,BOCIP,Money Market Fund - Other than MPF Conservative Fund,02-04-2013,"1,487.62",3,0.56050,4.86,1.02,1.43,-2.75,3.25
BOC-Prudential Easy-Choice Mandatory Provident Fund Scheme,BOC-Prudential North America Index Tracking Fund,BOCIP,Equity Fund - United States Equity Fund,03-09-2012,"11,666.52",5,1.02335,16.49,21.90,24.30,-20.11,25.56
BOC-Prudential Easy-Choice Mandatory Provident Fund Scheme,BOC-Prudential Stable Fund,BOCIP,Mixed Assets Fund - 21% to 40% Equity,13-12-2000,"7,934.61",4,1.66675,11.94,0.76,4.71,-16.10,-1.95
China Life MPF Master Trust Scheme,China Life Age 65 Plus Fund,China Life,Mixed Assets Fund - Default Investment Strategy - Age 65 Plus Fund,01-04-2017,211.28,4,0.81915,7.10,3.85,8.47,-15.18,0.66
China Life MPF Master Trust Scheme,China Life Balanced Fund,China Life,Mixed Assets Fund - 61% to 80% Equity,01-12-2000,503.48,5,1.36763,17.27,7.46,4.24,-19.56,0.11
China Life MPF Master Trust Scheme,China Life Core Accumulation Fund,China Life,Mixed Assets Fund - Default Investment Strategy - Core Accumulation Fund,01-04-2017,522.17,4,0.82106,15.80,11.05,16.07,-16.59,9.91
China Life MPF Master Trust Scheme,China Life Greater China Equity Fund,China Life,Equity Fund - Greater China Equity Fund,13-12-2021,171.66,6,1.27199,33.54,13.11,-9.41,-26.83,n.a.
China Life MPF Master Trust Scheme,China Life Growth Fund,China Life,Mixed Assets Fund - 81% to 100% Equity,01-12-2000,882.89,5,1.37224,20.62,10.28,4.50,-20.63,1.40
China Life MPF Master Trust Scheme,China Life Hong Kong Equity Fund,China Life,Equity Fund - Hong Kong Equity Fund,23-12-2011,592.24,6,0.87615,30.39,18.04,-15.53,-18.49,-15.68
China Life MPF Master Trust Scheme,China Life Joyful Retirement Guaranteed Fund,China Life,Guaranteed Fund,01-10-2007,"1,466.08",3,2.06681,6.18,3.57,3.51,-9.70,-2.50
China Life MPF Master Trust Scheme,China Life MPF Conservative Fund,China Life,Money Market Fund - MPF Conservative Fund,01-12-2000,657.08,1,0.90091,2.32,3.43,3.20,0.32,0.00
China Life MPF Master Trust Scheme,China Life Retire-Easy Global Equity Fund,China Life,Equity Fund - Global Equity Fund,01-10-2007,373.46,5,1.25177,15.32,15.79,34.98,-21.57,0.47
China Life MPF Master Trust Scheme,China Life US Equity Fund,China Life,Equity Fund - United States Equity Fund,13-12-2021,282.93,5,0.89316,14.62,18.47,34.88,-33.04,n.a.
Fidelity Retirement Master Trust,Age 65 Plus Fund,HSBC,Mixed Assets Fund - Default Investment Strategy - Age 65 Plus Fund,01-04-2017,"1,094.10",4,0.80442,5.17,3.42,7.28,-14.99,0.74
Fidelity Retirement Master Trust,Americas Equity Fund,HSBC,Equity Fund - United States Equity Fund,31-08-2023,"2,525.82",n.a.,1.39007,15.40,22.75,n.a.,n.a.,n.a.
Fidelity Retirement Master Trust,Asia Pacific Equity Fund,HSBC,Equity Fund - Asia Equity Fund,07-08-2006,"6,480.66",5,1.54408,23.17,11.43,9.54,-21.62,-3.38
Fidelity Retirement Master Trust,Balanced Fund,HSBC,Mixed Assets Fund - 61% to 80% Equity,01-12-2000,"4,753.90",5,1.53260,17.01,7.26,4.19,-19.62,-0.01
Fidelity Retirement Master Trust,Capital Stable Fund,HSBC,Mixed Assets Fund - 21% to 40% Equity,01-12-2000,"2,007.99",4,1.52942,9.26,2.04,4.16,-17.94,-2.40
Fidelity Retirement Master Trust,Core Accumulation Fund,HSBC,Mixed Assets Fund - Default Investment Strategy - Core Accumulation Fund,01-04-2017,"5,744.32",4,0.79169,13.29,9.70,14.03,-16.60,9.46
Fidelity Retirement Master Trust,European Equity Fund,HSBC,Equity Fund - Europe Equity Fund,31-08-2023,239.15,n.a.,1.42899,19.78,-0.34,n.a.,n.a.,n.a.
Fidelity Retirement Master Trust,Fidelity Hong Kong Tracker Fund,HSBC,Equity Fund - Hong Kong Equity Fund (Index Tracking),28-06-2013,"2,607.85",6,0.74853,30.31,21.69,-11.08,-13.21,-12.52
Fidelity Retirement Master Trust,Fidelity SaveEasy 2025 Fund,HSBC,Mixed Assets Fund - Uncategorized Mixed Asset Fund,27-10-2008,388.68,4,1.31493,10.03,4.33,4.32,-20.04,0.99
Fidelity Retirement Master Trust,Fidelity SaveEasy 2030 Fund,HSBC,Mixed Assets Fund - Uncategorized Mixed Asset Fund,27-10-2008,673.61,5,1.56450,19.35,9.55,4.39,-20.58,1.10
Fidelity Retirement Master Trust,Fidelity SaveEasy 2035 Fund,HSBC,Mixed Assets Fund - Uncategorized Mixed Asset Fund,27-10-2008,719.54,5,1.56536,20.87,10.50,4.32,-20.88,1.22
Fidelity Retirement Master Trust,Fidelity SaveEasy 2040 Fund,HSBC,Mixed Assets Fund - Uncategorized Mixed Asset Fund,27-10-2008,"1,716.72",5,1.55239,22.06,10.97,4.41,-20.93,1.31
Fidelity Retirement Master Trust,Fidelity SaveEasy 2045 Fund,HSBC,Mixed Assets Fund - Uncategorized Mixed Asset Fund,23-11-2015,331.88,5,1.65651,22.03,10.76,4.41,-21.02,1.06
Fidelity Retirement Master Trust,Fidelity SaveEasy 2050 Fund,HSBC,Mixed Assets Fund - Uncategorized Mixed Asset Fund,23-11-2015,703.40,5,1.61082,22.54,10.89,4.31,-21.09,1.03
Fidelity Retirement Master Trust,Global Equity Fund,HSBC,Equity Fund - Global Equity Fund,02-07-2003,"9,628.18",5,1.51111,17.33,15.28,18.21,-23.83,15.76
Fidelity Retirement Master Trust,Growth Fund,HSBC,Mixed Assets Fund - 81% to 100% Equity,01-12-2000,"8,350.67",5,1.53620,20.41,10.05,4.46,-20.72,1.35
Fidelity Retirement Master Trust,Hong Kong Bond Fund,HSBC,Bond Fund - Hong Kong Dollar Bond Fund,08-07-2003,"1,325.54",3,1.25571,6.11,3.29,6.56,-10.26,-0.77
Fidelity Retirement Master Trust,Hong Kong Equity Fund,HSBC,Equity Fund - Hong Kong Equity Fund,01-12-2000,"7,291.17",6,1.52060,30.03,16.83,-16.18,-19.03,-15.94
Fidelity Retirement Master Trust,MPF Conservative Fund,HSBC,Money Market Fund - MPF Conservative Fund,01-12-2000,"7,167.56",1,0.97277,2.08,3.55,3.03,0.08,0.00
Fidelity Retirement Master Trust,RetireEasy Fund,HSBC,Mixed Assets Fund - Uncategorized Mixed Asset Fund,01-11-2021,332.07,4,1.30567,9.29,5.17,8.00,-18.92,n.a.
Fidelity Retirement Master Trust,RMB Bond Fund,HSBC,Bond Fund - RMB Bond Fund,16-05-2016,613.00,3,1.32258,6.39,1.00,1.42,-7.71,1.51
Fidelity Retirement Master Trust,Stable Growth Fund,HSBC,Mixed Assets Fund - 41% to 60% Equity,01-12-2000,"4,146.59",4,1.52523,13.28,4.32,4.26,-19.07,-1.25
Fidelity Retirement Master Trust,World Bond Fund,HSBC,Bond Fund - Global Bond Fund,08-07-2003,"1,416.49",4,1.50430,4.49,-3.65,4.30,-18.21,-5.34
Haitong MPF Retirement Fund,Haitong Age 65 Plus Fund - Class A,HSBC,Mixed Assets Fund - Default Investment Strategy - Age 65 Plus Fund,01-04-2017,4.66,4,0.92894,9.51,6.27,9.02,-15.42,1.88
Haitong MPF Retirement Fund,Haitong Age 65 Plus Fund - Class T,HSBC,Mixed Assets Fund - Default Investment Strategy - Age 65 Plus Fund,01-04-2017,8.03,4,0.92960,9.51,6.27,9.02,-15.42,1.88
Haitong MPF Retirement Fund,Haitong Asia Pacific Fund - Class A,HSBC,Equity Fund - Asia Equity Fund,01-02-2001,27.21,5,1.91753,29.66,13.26,2.77,-22.73,0.86
Haitong MPF Retirement Fund,Haitong Asia Pacific Fund - Class T,HSBC,Equity Fund - Asia Equity Fund,01-02-2001,62.47,5,1.86793,29.66,13.37,2.79,-22.70,0.92
Haitong MPF Retirement Fund,Haitong Core Accumulation Fund - Class A,HSBC,Mixed Assets Fund - Default Investment Strategy - Core Accumulation Fund,01-04-2017,44.29,6,0.92544,18.67,15.52,15.83,-21.34,11.59
Haitong MPF Retirement Fund,Haitong Core Accumulation Fund - Class T,HSBC,Mixed Assets Fund - Default Investment Strategy - Core Accumulation Fund,01-04-2017,49.83,6,0.92562,18.65,15.55,15.80,-21.32,11.58
Haitong MPF Retirement Fund,Haitong Global Diversification Fund - Class A,HSBC,Equity Fund - Global Equity Fund,01-02-2001,79.30,6,1.39248,25.16,23.51,21.71,-27.37,20.65
Haitong MPF Retirement Fund,Haitong Global Diversification Fund - Class T,HSBC,Equity Fund - Global Equity Fund,01-02-2001,157.13,6,1.29271,25.29,23.64,21.77,-27.26,20.79
Haitong MPF Retirement Fund,Haitong Hong Kong SAR Fund - Class A,HSBC,Equity Fund - Hong Kong Equity Fund,01-02-2001,60.95,4,1.73598,30.82,14.98,-16.33,-15.72,-9.05
Haitong MPF Retirement Fund,Haitong Hong Kong SAR Fund - Class T,HSBC,Equity Fund - Hong Kong Equity Fund,01-02-2001,159.49,4,1.65624,30.92,15.09,-16.27,-15.65,-8.98
Haitong MPF Retirement Fund,Haitong Korea Fund - Class A,HSBC,Equity Fund - Uncategorized Equity Fund,01-02-2001,11.32,7,1.71456,84.85,-8.23,16.69,-24.30,-1.65
Haitong MPF Retirement Fund,Haitong Korea Fund - Class T,HSBC,Equity Fund - Uncategorized Equity Fund,01-02-2001,115.07,7,1.71427,84.79,-8.21,16.68,-24.29,-1.65
Haitong MPF Retirement Fund,Haitong MPF Conservative Fund - Class A,HSBC,Money Market Fund - MPF Conservative Fund,01-02-2001,34.62,3,0.94405,2.30,3.58,3.53,0.27,0.09
Haitong MPF Retirement Fund,Haitong MPF Conservative Fund - Class T,HSBC,Money Market Fund - MPF Conservative Fund,01-02-2001,75.94,3,0.89323,2.34,3.60,3.55,0.43,0.00
Hang Seng Mandatory Provident Fund - SuperTrust Plus,Age 65 Plus Fund,HSBC,Mixed Assets Fund - Default Investment Strategy - Age 65 Plus Fund,08-10-2009,"2,158.65",4,0.77784,6.28,2.56,7.15,-13.21,1.39
Hang Seng Mandatory Provident Fund - SuperTrust Plus,Asia Pacific Equity Fund,HSBC,Equity Fund - Asia Equity Fund,01-12-2000,"4,950.79",5,1.49646,23.43,8.43,-1.28,-25.41,-0.49
Hang Seng Mandatory Provident Fund - SuperTrust Plus,Balanced Fund,HSBC,Mixed Assets Fund - 61% to 80% Equity,01-12-2000,"6,701.35",4,1.43436,20.43,7.16,5.51,-14.08,1.21
Hang Seng Mandatory Provident Fund - SuperTrust Plus,Chinese Equity Fund,HSBC,Equity Fund - China Equity Fund,08-10-2009,"3,938.20",6,1.49390,30.43,15.75,-18.15,-25.60,-18.24
Hang Seng Mandatory Provident Fund - SuperTrust Plus,Core Accumulation Fund,HSBC,Mixed Assets Fund - Default Investment Strategy - Core Accumulation Fund,01-12-2000,"7,432.01",4,0.77620,14.05,7.92,14.29,-14.53,11.28
Hang Seng Mandatory Provident Fund - SuperTrust Plus,European Equity Fund,HSBC,Equity Fund - Europe Equity Fund,01-12-2000,"1,729.93",5,1.33251,30.89,-1.57,17.89,-14.76,15.84
Hang Seng Mandatory Provident Fund - SuperTrust Plus,Global Bond Fund,HSBC,Bond Fund - Global Bond Fund,08-10-2009,"1,768.38",4,0.82206,5.68,-2.72,4.49,-15.49,-5.84
Hang Seng Mandatory Provident Fund - SuperTrust Plus,Global Equity Fund,HSBC,Equity Fund - Global Equity Fund,01-07-2019,"1,841.24",5,0.81568,20.64,13.97,22.11,-17.28,21.63
Hang Seng Mandatory Provident Fund - SuperTrust Plus,Growth Fund,HSBC,Mixed Assets Fund - 81% to 100% Equity,01-12-2000,"10,790.86",5,1.53967,24.97,9.69,5.54,-14.92,2.93
Hang Seng Mandatory Provident Fund - SuperTrust Plus,Guaranteed Fund,HSBC,Guaranteed Fund,01-12-2000,"3,334.63",3,2.05155,4.30,2.61,2.15,-6.77,-2.78
Hang Seng Mandatory Provident Fund - SuperTrust Plus,Hang Seng China Enterprises Index Tracking Fund,HSBC,Equity Fund - China Equity Fund,01-07-2019,"1,482.71",6,0.88336,25.17,29.67,-11.71,-16.47,-21.99
Hang Seng Mandatory Provident Fund - SuperTrust Plus,Hang Seng Index Tracking Fund,HSBC,Equity Fund - Hong Kong Equity Fund (Index Tracking),01-12-2000,"14,306.22",6,0.78119,31.14,21.41,-11.29,-13.10,-12.59
Hang Seng Mandatory Provident Fund - SuperTrust Plus,Hong Kong and Chinese Equity Fund,HSBC,Equity Fund - Hong Kong Equity Fund,01-12-2000,"5,582.36",6,1.48607,33.20,15.11,-14.46,-16.34,-14.49
Hang Seng Mandatory Provident Fund - SuperTrust Plus,MPF Conservative Fund,HSBC,Money Market Fund - MPF Conservative Fund,01-12-2000,"13,588.48",1,0.76782,2.38,3.81,3.72,0.39,0.00
Hang Seng Mandatory Provident Fund - SuperTrust Plus,North American Equity Fund,HSBC,Equity Fund - United States Equity Fund,01-12-2000,"6,614.69",5,1.31618,14.95,21.31,23.42,-19.04,26.42
Hang Seng Mandatory Provident Fund - SuperTrust Plus,Stable Fund,HSBC,Mixed Assets Fund - 21% to 40% Equity,08-10-2009,"1,500.22",4,1.32889,11.08,1.57,4.32,-14.03,-2.60
Hang Seng Mandatory Provident Fund - SuperTrust Plus,ValueChoice Asia Pacific Equity Tracker Fund,HSBC,Equity Fund - Asia Equity Fund,01-07-2019,"1,336.71",5,0.87194,28.58,10.50,5.80,-16.54,-0.48
Hang Seng Mandatory Provident Fund - SuperTrust Plus,ValueChoice Balanced Fund,HSBC,Mixed Assets Fund - 61% to 80% Equity,01-07-2019,464.29,4,0.90872,21.13,8.32,6.89,-15.16,1.11
Hang Seng Mandatory Provident Fund - SuperTrust Plus,ValueChoice Europe Equity Tracker Fund,HSBC,Equity Fund - Europe Equity Fund,01-07-2019,882.72,5,0.85430,29.39,3.28,17.59,-13.68,17.44
Hang Seng Mandatory Provident Fund - SuperTrust Plus,ValueChoice North America Equity Tracker Fund,HSBC,Equity Fund - United States Equity Fund,01-07-2019,"4,649.70",5,0.81885,16.57,22.40,24.33,-19.81,27.11
HSBC Mandatory Provident Fund - SuperTrust Plus,Age 65 Plus Fund,HSBC,Mixed Assets Fund - Default Investment Strategy - Age 65 Plus Fund,08-10-2009,"10,228.93",4,0.77708,6.28,2.56,7.15,-13.21,1.39
HSBC Mandatory Provident Fund - SuperTrust Plus,Asia Pacific Equity Fund,HSBC,Equity Fund - Asia Equity Fund,01-12-2000,"10,997.33",5,1.49622,23.43,8.43,-1.28,-25.41,-0.49
HSBC Mandatory Provident Fund - SuperTrust Plus,Balanced Fund,HSBC,Mixed Assets Fund - 61% to 80% Equity,01-12-2000,"21,229.09",4,1.43418,20.43,7.16,5.51,-14.08,1.21
HSBC Mandatory Provident Fund - SuperTrust Plus,Chinese Equity Fund,HSBC,Equity Fund - China Equity Fund,08-10-2009,"9,041.91",6,1.49364,30.43,15.75,-18.15,-25.60,-18.24
HSBC Mandatory Provident Fund - SuperTrust Plus,Core Accumulation Fund,HSBC,Mixed Assets Fund - Default Investment Strategy - Core Accumulation Fund,01-12-2000,"30,817.52",4,0.77603,14.05,7.92,14.29,-14.53,11.28
HSBC Mandatory Provident Fund - SuperTrust Plus,European Equity Fund,HSBC,Equity Fund - Europe Equity Fund,01-12-2000,"4,855.78",5,1.33185,30.89,-1.57,17.89,-14.76,15.84
HSBC Mandatory Provident Fund - SuperTrust Plus,Global Bond Fund,HSBC,Bond Fund - Global Bond Fund,08-10-2009,"6,642.50",4,0.82135,5.68,-2.72,4.49,-15.49,-5.84
HSBC Mandatory Provident Fund - SuperTrust Plus,Global Equity Fund,HSBC,Equity Fund - Global Equity Fund,01-07-2019,"8,085.93",5,0.81583,20.64,13.97,22.11,-17.28,21.63
HSBC Mandatory Provident Fund - SuperTrust Plus,Growth Fund,HSBC,Mixed Assets Fund - 81% to 100% Equity,01-12-2000,"32,774.64",5,1.53957,24.97,9.69,5.54,-14.92,2.93
HSBC Mandatory Provident Fund - SuperTrust Plus,Guaranteed Fund,HSBC,Guaranteed Fund,01-12-2000,"11,004.10",3,2.05155,4.30,2.61,2.15,-6.77,-2.78
HSBC Mandatory Provident Fund - SuperTrust Plus,Hang Seng China Enterprises Index Tracking Fund,HSBC,Equity Fund - China Equity Fund,01-07-2019,"3,962.33",6,0.88434,25.17,29.67,-11.71,-16.47,-21.99
HSBC Mandatory Provident Fund - SuperTrust Plus,Hang Seng Index Tracking Fund,HSBC,Equity Fund - Hong Kong Equity Fund (Index Tracking),01-12-2000,"36,090.46",6,0.78111,31.14,21.41,-11.29,-13.10,-12.59
HSBC Mandatory Provident Fund - SuperTrust Plus,Hong Kong and Chinese Equity Fund,HSBC,Equity Fund - Hong Kong Equity Fund,01-12-2000,"12,323.15",6,1.48591,33.20,15.11,-14.46,-16.34,-14.49
HSBC Mandatory Provident Fund - SuperTrust Plus,MPF Conservative Fund,HSBC,Money Market Fund - MPF Conservative Fund,01-12-2000,"40,195.57",1,0.76764,2.38,3.81,3.72,0.39,0.00
HSBC Mandatory Provident Fund - SuperTrust Plus,North American Equity Fund,HSBC,Equity Fund - United States Equity Fund,01-12-2000,"21,816.05",5,1.31602,14.95,21.31,23.42,-19.04,26.42
HSBC Mandatory Provident Fund - SuperTrust Plus,Stable Fund,HSBC,Mixed Assets Fund - 21% to 40% Equity,08-10-2009,"5,180.24",4,1.32797,11.08,1.57,4.32,-14.03,-2.60
HSBC Mandatory Provident Fund - SuperTrust Plus,ValueChoice Asia Pacific Equity Tracker Fund,HSBC,Equity Fund - Asia Equity Fund,01-07-2019,"4,415.15",5,0.87284,28.58,10.50,5.80,-16.54,-0.48
HSBC Mandatory Provident Fund - SuperTrust Plus,ValueChoice Balanced Fund,HSBC,Mixed Assets Fund - 61% to 80% Equity,01-07-2019,"2,107.15",4,0.90995,21.13,8.32,6.89,-15.16,1.11
HSBC Mandatory Provident Fund - SuperTrust Plus,ValueChoice Europe Equity Tracker Fund,HSBC,Equity Fund - Europe Equity Fund,01-07-2019,"3,110.73",5,0.85491,29.39,3.28,17.59,-13.68,17.44
HSBC Mandatory Provident Fund - SuperTrust Plus,ValueChoice North America Equity Tracker Fund,HSBC,Equity Fund - United States Equity Fund,01-07-2019,"18,637.06",5,0.81844,16.57,22.40,24.33,-19.81,27.11
Manulife Global Select (MPF) Scheme,Manulife MPF 2025 Retirement Fund,Manulife,Mixed Assets Fund - Uncategorized Mixed Asset Fund,21-02-2011,813.42,4,1.07324,13.99,7.17,5.74,-19.25,1.84
Manulife Global Select (MPF) Scheme,Manulife MPF 2030 Retirement Fund,Manulife,Mixed Assets Fund - Uncategorized Mixed Asset Fund,21-02-2011,"1,499.23",5,1.06336,18.41,9.42,7.42,-21.24,3.57
Manulife Global Select (MPF) Scheme,Manulife MPF 2035 Retirement Fund,Manulife,Mixed Assets Fund - Uncategorized Mixed Asset Fund,21-02-2011,"1,728.84",5,1.05835,21.18,11.15,7.88,-22.23,4.63
Manulife Global Select (MPF) Scheme,Manulife MPF 2040 Retirement Fund,Manulife,Mixed Assets Fund - Uncategorized Mixed Asset Fund,21-02-2011,"1,513.98",5,1.06596,23.90,13.08,7.68,-22.81,5.10
Manulife Global Select (MPF) Scheme,Manulife MPF 2045 Retirement Fund,Manulife,Mixed Assets Fund - Uncategorized Mixed Asset Fund,21-02-2011,"2,636.22",5,1.04687,24.08,13.04,7.76,-22.74,5.26
Manulife Global Select (MPF) Scheme,Manulife MPF Age 65 Plus Fund,Manulife,Mixed Assets Fund - Default Investment Strategy - Age 65 Plus Fund,01-04-2017,"8,993.45",4,0.75640,5.79,3.09,7.16,-14.74,1.05
Manulife Global Select (MPF) Scheme,Manulife MPF Aggressive Fund,Manulife,Mixed Assets Fund - 81% to 100% Equity,01-12-2000,"31,067.72",5,1.79078,22.01,9.61,8.00,-23.47,4.31
Manulife Global Select (MPF) Scheme,Manulife MPF China Value Fund,Manulife,Equity Fund - Greater China Equity Fund,01-02-2006,"38,884.63",6,1.97021,37.73,13.34,-8.09,-27.77,-10.44
Manulife Global Select (MPF) Scheme,Manulife MPF Conservative Fund,Manulife,Money Market Fund - MPF Conservative Fund,01-12-2000,"23,231.91",1,0.76790,2.49,3.76,3.78,0.51,0.01
Manulife Global Select (MPF) Scheme,Manulife MPF Core Accumulation Fund,Manulife,Mixed Assets Fund - Default Investment Strategy - Core Accumulation Fund,01-04-2017,"34,919.74",4,0.75345,13.75,9.63,14.23,-16.16,9.79
Manulife Global Select (MPF) Scheme,Manulife MPF European Equity Fund,Manulife,Equity Fund - Europe Equity Fund,01-12-2000,"7,297.61",6,1.78999,14.83,-2.81,23.66,-31.12,27.29
Manulife Global Select (MPF) Scheme,Manulife MPF Fidelity Growth Fund,Manulife,Mixed Assets Fund - 81% to 100% Equity,01-09-2003,"11,935.65",5,1.79740,20.01,9.70,4.16,-20.90,1.04
Manulife Global Select (MPF) Scheme,Manulife MPF Fidelity Stable Growth Fund,Manulife,Mixed Assets Fund - 41% to 60% Equity,01-09-2003,"7,951.26",4,1.79073,12.90,3.99,3.96,-19.26,-1.57
Manulife Global Select (MPF) Scheme,Manulife MPF Growth Fund,Manulife,Mixed Assets Fund - 61% to 80% Equity,01-12-2000,"22,711.99",5,1.78402,18.43,7.24,6.29,-21.44,2.38
Manulife Global Select (MPF) Scheme,Manulife MPF Hang Seng Index ESG Fund,Manulife,Equity Fund - Hong Kong Equity Fund (Index Tracking),23-04-2012,"8,944.91",7,0.92494,31.02,11.13,-13.34,-13.21,-12.64
Manulife Global Select (MPF) Scheme,Manulife MPF Healthcare Fund,Manulife,Equity Fund - Uncategorized Equity Fund,02-04-2008,"49,869.17",5,1.91298,18.28,-1.55,3.95,-6.06,18.86
Manulife Global Select (MPF) Scheme,Manulife MPF Hong Kong Bond Fund,Manulife,Bond Fund - Hong Kong Dollar Bond Fund,01-12-2000,"3,994.60",3,1.17720,6.66,2.60,5.65,-9.46,-1.54
Manulife Global Select (MPF) Scheme,Manulife MPF Hong Kong Equity Fund,Manulife,Equity Fund - Hong Kong Equity Fund,01-12-2000,"22,405.64",7,1.77859,32.02,14.12,-14.97,-22.39,-15.79
Manulife Global Select (MPF) Scheme,Manulife MPF Interest Fund,Manulife,Guaranteed Fund,01-12-2000,"37,893.40",1,1.76663,0.88,0.88,0.76,0.37,0.50
Manulife Global Select (MPF) Scheme,Manulife MPF International Bond Fund,Manulife,Bond Fund - Global Bond Fund,01-12-2000,"6,855.97",4,1.17063,5.24,-2.83,5.03,-16.11,-5.05
Manulife Global Select (MPF) Scheme,Manulife MPF International Equity Fund,Manulife,Equity Fund - Global Equity Fund,01-12-2000,"15,425.29",5,1.77353,15.15,15.06,26.51,-28.29,16.98
Manulife Global Select (MPF) Scheme,Manulife MPF Japan Equity Fund,Manulife,Equity Fund - Japan Equity Fund,01-12-2000,"10,965.61",4,1.76400,20.77,21.29,24.82,-11.30,9.64
Manulife Global Select (MPF) Scheme,Manulife MPF North American Equity Fund,Manulife,Equity Fund - United States Equity Fund,01-12-2000,"43,946.48",5,1.76261,12.15,21.23,38.69,-31.94,23.04
Manulife Global Select (MPF) Scheme,Manulife MPF Pacific Asia Equity Fund,Manulife,Equity Fund - Asia Equity Fund,01-12-2000,"19,812.07",5,1.81569,23.96,11.80,5.55,-17.17,1.06
Manulife Global Select (MPF) Scheme,Manulife MPF Retirement Income Fund,Manulife,Mixed Assets Fund - Uncategorized Mixed Asset Fund,21-09-2020,"2,164.89",4,1.35156,7.23,0.19,1.01,-19.68,-2.22
Manulife Global Select (MPF) Scheme,Manulife MPF RMB Bond Fund,Manulife,Bond Fund - RMB Bond Fund,16-12-2013,"3,016.19",3,1.19991,7.27,1.37,2.59,-6.01,2.81
Manulife Global Select (MPF) Scheme,Manulife MPF Smart Retirement Fund,Manulife,Mixed Assets Fund - 41% to 60% Equity,21-02-2011,"1,395.39",4,1.06214,13.54,6.06,6.00,-18.74,1.41
Manulife Global Select (MPF) Scheme,Manulife MPF Stable Fund,Manulife,Guaranteed Fund,01-12-2000,"18,166.69",4,1.77276,10.89,4.64,4.21,-15.23,-1.72
Manulife Global Select (MPF) Scheme,Manulife MPF Sustainable Pacific Asia Bond Fund,Manulife,Bond Fund - Asia Bond Fund,23-04-2012,"1,775.09",4,1.19787,6.60,1.90,3.20,-10.91,-2.70
Manulife RetireChoice (MPF) Scheme,Allianz Asian Fund - Class A,BCT,Equity Fund - Asia Equity Fund,31-08-2004,57.03,5,1.45828,31.53,3.33,2.59,-21.06,-8.90
Manulife RetireChoice (MPF) Scheme,Allianz Asian Fund - Class B,BCT,Equity Fund - Asia Equity Fund,04-08-2004,712.22,5,1.25912,31.79,3.54,2.79,-20.90,-8.72
Manulife RetireChoice (MPF) Scheme,Allianz Asian Fund - Class T,BCT,Equity Fund - Asia Equity Fund,04-08-2004,824.19,5,1.22903,31.83,3.57,2.83,-20.88,-8.69
Manulife RetireChoice (MPF) Scheme,Allianz Balanced Fund - Class A,BCT,Mixed Assets Fund - 61% to 80% Equity,07-02-2001,30.43,4,1.48865,20.54,7.78,4.91,-15.93,1.81
Manulife RetireChoice (MPF) Scheme,Allianz Balanced Fund - Class B,BCT,Mixed Assets Fund - 61% to 80% Equity,02-02-2001,470.07,4,1.28960,20.78,8.00,5.12,-15.77,2.02
Manulife RetireChoice (MPF) Scheme,Allianz Balanced Fund - Class T,BCT,Mixed Assets Fund - 61% to 80% Equity,08-12-2000,559.81,4,1.25924,20.81,8.03,5.15,-15.74,2.05
Manulife RetireChoice (MPF) Scheme,Allianz Capital Stable Fund - Class A,BCT,Mixed Assets Fund - 21% to 40% Equity,07-02-2001,19.38,4,1.48301,11.22,2.00,4.33,-14.63,-1.55
Manulife RetireChoice (MPF) Scheme,Allianz Capital Stable Fund - Class B,BCT,Mixed Assets Fund - 21% to 40% Equity,02-02-2001,231.73,4,1.28390,11.45,2.21,4.53,-14.46,-1.35
Manulife RetireChoice (MPF) Scheme,Allianz Capital Stable Fund - Class T,BCT,Mixed Assets Fund - 21% to 40% Equity,11-12-2000,229.87,4,1.25383,11.48,2.24,4.57,-14.43,-1.32
Manulife RetireChoice (MPF) Scheme,Allianz Flexi Balanced Fund - Class A,BCT,Mixed Assets Fund - Uncategorized Mixed Asset Fund,31-08-2004,14.20,3,1.44200,8.51,2.97,3.44,-7.39,5.56
Manulife RetireChoice (MPF) Scheme,Allianz Flexi Balanced Fund - Class B,BCT,Mixed Assets Fund - Uncategorized Mixed Asset Fund,09-08-2004,189.88,3,1.24273,8.72,3.18,3.65,-7.20,5.77
Manulife RetireChoice (MPF) Scheme,Allianz Flexi Balanced Fund - Class T,BCT,Mixed Assets Fund - Uncategorized Mixed Asset Fund,09-08-2004,184.65,3,1.21296,8.75,3.21,3.68,-7.18,5.81
Manulife RetireChoice (MPF) Scheme,Allianz Greater China Fund - Class A,BCT,Equity Fund - Greater China Equity Fund,01-11-2011,20.73,6,1.45942,36.84,12.20,-7.33,-23.10,-10.73
Manulife RetireChoice (MPF) Scheme,Allianz Greater China Fund - Class B,BCT,Equity Fund - Greater China Equity Fund,04-10-2011,347.23,6,1.25946,37.11,12.43,-7.14,-22.95,-10.55
Manulife RetireChoice (MPF) Scheme,Allianz Greater China Fund - Class T,BCT,Equity Fund - Greater China Equity Fund,03-10-2011,285.24,6,1.22967,37.15,12.46,-7.12,-22.93,-10.52
Manulife RetireChoice (MPF) Scheme,Allianz Growth Fund - Class A,BCT,Mixed Assets Fund - 81% to 100% Equity,07-02-2001,60.01,5,1.50370,25.30,10.75,5.41,-16.99,3.81
Manulife RetireChoice (MPF) Scheme,Allianz Growth Fund - Class B,BCT,Mixed Assets Fund - 81% to 100% Equity,02-02-2001,973.51,5,1.30467,25.55,10.98,5.62,-16.83,4.02
Manulife RetireChoice (MPF) Scheme,Allianz Growth Fund - Class T,BCT,Mixed Assets Fund - 81% to 100% Equity,08-12-2000,"1,043.38",5,1.27445,25.59,11.01,5.65,-16.80,4.05
Manulife RetireChoice (MPF) Scheme,Allianz Hong Kong Fund - Class A,BCT,Equity Fund - Hong Kong Equity Fund,31-08-2004,44.10,6,1.41239,35.18,15.13,-17.95,-14.23,-12.10
Manulife RetireChoice (MPF) Scheme,Allianz Hong Kong Fund - Class B,BCT,Equity Fund - Hong Kong Equity Fund,04-08-2004,793.18,6,1.21324,35.45,15.36,-17.78,-14.06,-11.93
Manulife RetireChoice (MPF) Scheme,Allianz Hong Kong Fund - Class T,BCT,Equity Fund - Hong Kong Equity Fund,04-08-2004,693.12,6,1.18332,35.49,15.40,-17.76,-14.03,-11.90
Manulife RetireChoice (MPF) Scheme,Allianz MPF Age 65 Plus Fund - Class A,BCT,Mixed Assets Fund - Default Investment Strategy - Age 65 Plus Fund,01-04-2017,5.96,4,0.74478,7.06,3.41,7.19,-15.07,0.75
Manulife RetireChoice (MPF) Scheme,Allianz MPF Age 65 Plus Fund - Class B,BCT,Mixed Assets Fund - Default Investment Strategy - Age 65 Plus Fund,01-04-2017,132.56,4,0.74459,7.06,3.42,7.18,-15.08,0.76
Manulife RetireChoice (MPF) Scheme,Allianz MPF Age 65 Plus Fund - Class T,BCT,Mixed Assets Fund - Default Investment Strategy - Age 65 Plus Fund,01-04-2017,148.24,4,0.74451,7.06,3.42,7.18,-15.08,0.76
Manulife RetireChoice (MPF) Scheme,Allianz MPF Conservative Fund - Class A,BCT,Money Market Fund - MPF Conservative Fund,07-02-2001,21.56,1,1.02664,1.82,3.28,2.92,0.30,0.00
Manulife RetireChoice (MPF) Scheme,Allianz MPF Conservative Fund - Class B,BCT,Money Market Fund - MPF Conservative Fund,02-02-2001,555.62,1,1.02656,1.82,3.28,2.94,0.30,0.00
Manulife RetireChoice (MPF) Scheme,Allianz MPF Conservative Fund - Class T,BCT,Money Market Fund - MPF Conservative Fund,11-12-2000,563.16,1,0.99646,1.85,3.31,3.04,0.30,0.00
Manulife RetireChoice (MPF) Scheme,Allianz MPF Core Accumulation Fund - Class A,BCT,Mixed Assets Fund - Default Investment Strategy - Core Accumulation Fund,01-04-2017,65.16,4,0.77134,14.79,10.95,13.99,-16.80,10.53
Manulife RetireChoice (MPF) Scheme,Allianz MPF Core Accumulation Fund - Class B,BCT,Mixed Assets Fund - Default Investment Strategy - Core Accumulation Fund,01-04-2017,800.64,4,0.77151,14.79,10.95,14.01,-16.80,10.54
Manulife RetireChoice (MPF) Scheme,Allianz MPF Core Accumulation Fund - Class T,BCT,Mixed Assets Fund - Default Investment Strategy - Core Accumulation Fund,01-04-2017,545.78,4,0.77162,14.79,10.95,14.01,-16.80,10.54
Manulife RetireChoice (MPF) Scheme,Allianz Oriental Pacific Fund - Class A,BCT,Mixed Assets Fund - Uncategorized Mixed Asset Fund,31-10-2011,37.59,5,1.54078,33.58,1.14,13.87,-20.24,12.94
Manulife RetireChoice (MPF) Scheme,Allianz Oriental Pacific Fund - Class B,BCT,Mixed Assets Fund - Uncategorized Mixed Asset Fund,04-10-2011,290.47,5,1.34164,33.85,1.34,14.10,-20.08,13.17
Manulife RetireChoice (MPF) Scheme,Allianz Oriental Pacific Fund - Class T,BCT,Mixed Assets Fund - Uncategorized Mixed Asset Fund,04-10-2011,300.69,5,1.31193,33.89,1.37,14.13,-20.05,13.20
Manulife RetireChoice (MPF) Scheme,Allianz RMB Money Market Fund - Class A,BCT,Money Market Fund - Other than MPF Conservative Fund,07-10-2013,2.10,3,1.17769,4.28,-0.40,-0.14,-4.36,2.21
Manulife RetireChoice (MPF) Scheme,Allianz RMB Money Market Fund - Class B,BCT,Money Market Fund - Other than MPF Conservative Fund,04-10-2013,66.82,3,1.17731,4.28,-0.40,-0.14,-4.36,2.20
Manulife RetireChoice (MPF) Scheme,Allianz RMB Money Market Fund - Class T,BCT,Money Market Fund - Other than MPF Conservative Fund,04-10-2013,54.11,3,1.14738,4.31,-0.37,-0.11,-4.33,2.23
Manulife RetireChoice (MPF) Scheme,Allianz Stable Growth Fund - Class A,BCT,Mixed Assets Fund - 41% to 60% Equity,07-02-2001,18.67,4,1.47955,16.02,4.91,4.66,-15.68,-0.06
Manulife RetireChoice (MPF) Scheme,Allianz Stable Growth Fund - Class B,BCT,Mixed Assets Fund - 41% to 60% Equity,02-02-2001,486.14,4,1.27991,16.25,5.12,4.88,-15.51,0.14
Manulife RetireChoice (MPF) Scheme,Allianz Stable Growth Fund - Class T,BCT,Mixed Assets Fund - 41% to 60% Equity,08-12-2000,482.39,4,1.25005,16.29,5.15,4.91,-15.49,0.17
MASS Mandatory Provident Fund Scheme,Age 65 Plus Fund,YF Life,Mixed Assets Fund - Default Investment Strategy - Age 65 Plus Fund,01-04-2017,158.19,3,0.80245,7.09,3.83,8.36,-15.16,0.65
MASS Mandatory Provident Fund Scheme,Asian Bond Fund,YF Life,Bond Fund - Asia Bond Fund,17-03-2003,319.06,4,1.49583,7.16,1.95,6.55,-13.47,-1.49
MASS Mandatory Provident Fund Scheme,Asian Pacific Equity Fund,YF Life,Equity Fund - Asia Equity Fund,19-03-2007,394.39,5,1.54849,30.27,10.38,4.04,-20.89,-3.90
MASS Mandatory Provident Fund Scheme,Core Accumulation Fund,YF Life,Mixed Assets Fund - Default Investment Strategy - Core Accumulation Fund,01-04-2017,486.06,4,0.79883,15.82,11.09,16.07,-16.56,9.99
MASS Mandatory Provident Fund Scheme,European Equity Fund,YF Life,Equity Fund - Europe Equity Fund,19-03-2007,158.81,5,1.49470,30.13,4.15,20.83,-11.19,4.89
MASS Mandatory Provident Fund Scheme,Global Bond Fund,YF Life,Bond Fund - Global Bond Fund,17-03-2003,169.47,4,1.40505,7.14,-3.88,4.35,-13.57,-4.24
MASS Mandatory Provident Fund Scheme,Global Equity Fund,YF Life,Equity Fund - Global Equity Fund,17-03-2003,374.78,5,1.46915,19.98,15.15,22.03,-22.96,21.78
MASS Mandatory Provident Fund Scheme,Global Growth Fund,YF Life,Mixed Assets Fund - 61% to 80% Equity,01-12-2000,517.01,4,1.42100,21.03,7.82,4.86,-15.99,1.78
MASS Mandatory Provident Fund Scheme,Global Stable Fund,YF Life,Mixed Assets Fund - 41% to 60% Equity,01-12-2000,299.58,4,1.42291,16.49,4.97,4.61,-15.72,-0.11
MASS Mandatory Provident Fund Scheme,Greater China Equity Fund,YF Life,Equity Fund - Greater China Equity Fund,01-05-2011,779.12,6,1.40858,34.25,12.78,-9.82,-29.01,-7.00
MASS Mandatory Provident Fund Scheme,Guaranteed Fund,YF Life,Guaranteed Fund,20-01-2006,291.61,4,3.24508,9.42,0.20,2.35,-16.22,-3.37
MASS Mandatory Provident Fund Scheme,Hong Kong Equities Fund,YF Life,Equity Fund - Hong Kong Equity Fund,19-03-2007,557.06,6,1.37614,34.97,15.69,-17.97,-14.25,-12.20
MASS Mandatory Provident Fund Scheme,MPF Conservative Fund,YF Life,Money Market Fund - MPF Conservative Fund,01-12-2000,694.61,1,0.87598,2.01,3.39,3.26,0.32,0.00
MASS Mandatory Provident Fund Scheme,US Equity Fund,YF Life,Equity Fund - United States Equity Fund,19-03-2007,"1,117.80",5,1.04762,16.81,21.77,28.27,-36.96,16.10
My Choice Mandatory Provident Fund Scheme,My Choice Age 65 Plus Fund,BOCIP,Mixed Assets Fund - Default Investment Strategy - Age 65 Plus Fund,01-04-2017,82.44,4,0.76940,5.74,3.47,7.05,-14.45,1.09
My Choice Mandatory Provident Fund Scheme,My Choice Asia Equity Fund,BOCIP,Equity Fund - Asia Equity Fund,28-07-2010,291.67,5,1.09501,23.65,11.87,10.03,-21.24,-2.96
My Choice Mandatory Provident Fund Scheme,My Choice Balanced Fund,BOCIP,Mixed Assets Fund - 61% to 80% Equity,28-07-2010,258.79,5,1.04376,19.29,6.36,5.18,-15.91,0.63
My Choice Mandatory Provident Fund Scheme,My Choice China Equity Fund,BOCIP,Equity Fund - Greater China Equity Fund,28-07-2010,672.33,7,1.06687,34.08,13.04,-9.37,-28.63,-6.33
My Choice Mandatory Provident Fund Scheme,My Choice Core Accumulation Fund,BOCIP,Mixed Assets Fund - Default Investment Strategy - Core Accumulation Fund,01-04-2017,262.55,4,0.80511,13.38,9.77,13.32,-14.82,9.78
My Choice Mandatory Provident Fund Scheme,My Choice Global Bond Fund,BOCIP,Bond Fund - Global Bond Fund,28-07-2010,117.37,4,0.99802,4.92,-3.17,4.79,-17.75,-4.79
My Choice Mandatory Provident Fund Scheme,My Choice Global Equity Fund,BOCIP,Equity Fund - Global Equity Fund,28-07-2010,615.11,5,1.04250,19.34,16.26,18.05,-17.89,18.49
My Choice Mandatory Provident Fund Scheme,My Choice Growth Fund,BOCIP,Mixed Assets Fund - 81% to 100% Equity,28-07-2010,461.86,5,1.02738,20.89,10.54,4.87,-20.28,1.77
My Choice Mandatory Provident Fund Scheme,My Choice HKD Bond Fund,BOCIP,Bond Fund - Hong Kong Dollar Bond Fund,28-07-2010,82.25,3,1.03782,5.58,2.98,6.02,-9.04,-1.36
My Choice Mandatory Provident Fund Scheme,My Choice Hong Kong Equity Fund,BOCIP,Equity Fund - Hong Kong Equity Fund,28-07-2010,316.62,7,1.06799,30.45,17.43,-15.76,-18.78,-15.51
My Choice Mandatory Provident Fund Scheme,My Choice Hong Kong Tracking Fund,BOCIP,Equity Fund - Hong Kong Equity Fund (Index Tracking),28-07-2010,174.52,7,0.73161,30.94,21.63,-11.19,-13.45,-12.39
My Choice Mandatory Provident Fund Scheme,My Choice MPF Conservative Fund,BOCIP,Money Market Fund - MPF Conservative Fund,28-07-2010,425.37,1,0.74161,2.24,3.47,3.14,0.20,0.00
My Choice Mandatory Provident Fund Scheme,My Choice RMB & HKD Money Market Fund,BOCIP,Money Market Fund - Other than MPF Conservative Fund,06-10-2014,64.83,3,0.93056,4.50,-0.11,0.13,-4.16,2.76
My Choice Mandatory Provident Fund Scheme,My Choice Stable Fund,BOCIP,Mixed Assets Fund - 41% to 60% Equity,28-07-2010,256.50,4,1.03342,15.21,3.16,4.60,-16.04,-1.01
Principal MPF - Simple Plan,Principal - MPF Conservative Fund,PRIN,Money Market Fund - MPF Conservative Fund,20-01-2005,321.74,1,1.04287,2.16,3.58,3.33,0.09,0.00
Principal MPF - Simple Plan,Principal Age 65 Plus Fund,PRIN,Mixed Assets Fund - Default Investment Strategy - Age 65 Plus Fund,01-04-2017,47.49,4,0.83285,7.75,2.96,7.31,-14.33,1.51
Principal MPF - Simple Plan,Principal Balanced Fund,PRIN,Mixed Assets Fund - 61% to 80% Equity,20-01-2005,274.82,4,1.75034,20.81,7.68,6.34,-18.60,1.46
Principal MPF - Simple Plan,Principal Core Accumulation Fund,PRIN,Mixed Assets Fund - Default Investment Strategy - Core Accumulation Fund,01-04-2017,113.04,4,0.80098,15.02,8.82,14.58,-16.70,9.11
Principal MPF - Simple Plan,Principal Dynamic Asia Pacific Equity Fund,PRIN,Equity Fund - Asia Equity Fund,19-12-2006,403.66,5,1.92983,22.63,14.33,7.95,-22.01,-3.14
Principal MPF - Simple Plan,Principal Dynamic Global Bond Fund,PRIN,Bond Fund - Global Bond Fund,19-12-2006,75.97,4,1.55514,5.68,-3.91,4.07,-17.87,-5.41
Principal MPF - Simple Plan,Principal Dynamic Global Equity Fund,PRIN,Equity Fund - Global Equity Fund,19-12-2006,333.44,5,1.81739,17.58,15.22,18.89,-21.59,15.77
Principal MPF - Simple Plan,Principal Dynamic Hong Kong Equity Fund,PRIN,Equity Fund - Hong Kong Equity Fund,20-01-2005,540.58,6,1.78744,27.06,15.55,-13.97,-21.25,-16.05
Principal MPF - Simple Plan,Principal Growth Fund,PRIN,Mixed Assets Fund - 81% to 100% Equity,20-01-2005,487.75,5,1.76792,25.53,10.40,7.26,-19.95,3.13
Principal MPF - Simple Plan,Principal Stable Fund,PRIN,Mixed Assets Fund - 21% to 40% Equity,20-01-2005,158.67,4,1.71816,11.17,2.37,4.79,-16.03,-1.71
Principal MPF - Smart Plan,Principal - Hang Seng Index Tracking Fund,PRIN,Equity Fund - Hong Kong Equity Fund (Index Tracking),03-11-2014,779.91,6,1.03529,29.47,21.48,-11.36,-13.31,-12.77
Principal MPF - Smart Plan,Principal - MPF Conservative Fund,PRIN,Money Market Fund - MPF Conservative Fund,01-12-2000,"3,847.64",1,0.97573,2.27,3.57,3.42,0.09,0.00
Principal MPF - Smart Plan,Principal Age 65 Plus Fund,PRIN,Mixed Assets Fund - Default Investment Strategy - Age 65 Plus Fund,01-04-2017,473.72,4,0.79253,7.74,3.01,7.73,-14.24,1.66
Principal MPF - Smart Plan,Principal Balanced Fund,PRIN,Mixed Assets Fund - 61% to 80% Equity,01-12-2000,"2,187.26",4,1.73779,20.84,7.67,6.34,-18.61,1.55
Principal MPF - Smart Plan,Principal Cash Fund,PRIN,Money Market Fund - Other than MPF Conservative Fund,01-12-2000,623.41,2,0.98972,3.74,3.89,3.68,-0.78,-0.52
Principal MPF - Smart Plan,Principal Core Accumulation Fund,PRIN,Mixed Assets Fund - Default Investment Strategy - Core Accumulation Fund,01-04-2017,"1,155.00",4,0.78109,15.10,8.79,14.57,-16.47,9.34
Principal MPF - Smart Plan,Principal Dynamic Asia Pacific Equity Fund,PRIN,Equity Fund - Asia Equity Fund,10-01-2011,"1,200.85",5,1.91402,22.84,14.26,7.94,-21.98,-2.94
Principal MPF - Smart Plan,Principal Dynamic Asian Bond Fund,PRIN,Bond Fund - Asia Bond Fund,13-08-2012,199.62,3,1.43774,6.31,0.72,5.17,-11.11,-2.43
Principal MPF - Smart Plan,Principal Dynamic Global Bond Fund,PRIN,Bond Fund - Global Bond Fund,10-01-2011,450.89,4,1.51955,5.95,-3.96,4.25,-17.78,-5.48
Principal MPF - Smart Plan,Principal Dynamic Global Equity Fund,PRIN,Equity Fund - Global Equity Fund,01-12-2000,"3,876.07",5,1.80625,17.56,15.25,18.92,-21.51,15.91
Principal MPF - Smart Plan,Principal Dynamic Greater China Equity Fund,PRIN,Equity Fund - Greater China Equity Fund,13-08-2012,"1,559.39",6,1.58987,28.72,12.63,-10.98,-28.64,-8.13
Principal MPF - Smart Plan,Principal Dynamic Hong Kong Equity Fund,PRIN,Equity Fund - Hong Kong Equity Fund,10-01-2011,"1,161.90",6,1.77260,27.62,15.46,-14.02,-21.00,-15.64
Principal MPF - Smart Plan,Principal Growth Fund,PRIN,Mixed Assets Fund - 81% to 100% Equity,01-12-2000,"3,436.01",5,1.75714,25.58,10.39,7.28,-19.98,3.28
Principal MPF - Smart Plan,Principal Stable Fund,PRIN,Mixed Assets Fund - 21% to 40% Equity,01-12-2000,"1,412.01",4,1.70410,11.30,2.30,4.75,-15.97,-1.67
Principal MPF Scheme Series 800,Principal Age 65 Plus Fund - Class N,PRIN,Mixed Assets Fund - Default Investment Strategy - Age 65 Plus Fund,01-04-2017,"3,227.07",4,0.78549,7.82,2.98,7.66,-14.34,1.67
Principal MPF Scheme Series 800,Principal Aggressive Strategy Fund - Class D,PRIN,Mixed Assets Fund - 81% to 100% Equity,22-10-2020,37.93,5,1.32114,23.37,10.80,7.47,-19.00,3.49
Principal MPF Scheme Series 800,Principal Aggressive Strategy Fund - Class I,PRIN,Mixed Assets Fund - 81% to 100% Equity,22-10-2020,"1,471.50",5,1.52110,23.22,10.58,7.23,-19.16,3.29
Principal MPF Scheme Series 800,Principal Asian Bond Fund - Class N,PRIN,Bond Fund - Asia Bond Fund,22-10-2020,251.35,3,1.03610,7.29,2.41,6.12,-11.88,-0.46
Principal MPF Scheme Series 800,Principal Asian Equity Fund - Class D,PRIN,Equity Fund - Asia Equity Fund,01-12-2000,237.98,5,1.34073,19.95,9.78,5.03,-19.01,-2.44
Principal MPF Scheme Series 800,Principal Asian Equity Fund - Class I,PRIN,Equity Fund - Asia Equity Fund,01-12-2000,"4,208.53",5,1.53069,19.82,9.57,4.82,-19.17,-2.63
Principal MPF Scheme Series 800,Principal China Equity Fund - Class D,PRIN,Equity Fund - China Equity Fund,01-08-2007,182.42,6,1.32589,30.63,17.85,-15.51,-26.96,-16.29
Principal MPF Scheme Series 800,Principal China Equity Fund - Class I,PRIN,Equity Fund - China Equity Fund,01-08-2007,"2,819.68",6,1.51587,30.48,17.63,-15.69,-27.10,-16.45
Principal MPF Scheme Series 800,Principal Core Accumulation Fund - Class N,PRIN,Mixed Assets Fund - Default Investment Strategy - Core Accumulation Fund,01-04-2017,"4,429.04",4,0.77991,15.06,8.81,14.66,-16.47,9.40
Principal MPF Scheme Series 800,Principal Global Growth Fund - Class D,PRIN,Mixed Assets Fund - 61% to 80% Equity,01-12-2000,251.87,4,1.32592,19.69,7.52,6.87,-18.00,1.55
Principal MPF Scheme Series 800,Principal Global Growth Fund - Class I,PRIN,Mixed Assets Fund - 61% to 80% Equity,01-12-2000,"4,282.12",4,1.52597,19.54,7.30,6.65,-18.17,1.35
Principal MPF Scheme Series 800,Principal Hang Seng Index Tracking Fund - Class N,PRIN,Equity Fund - Hong Kong Equity Fund (Index Tracking),01-02-2012,"2,005.71",6,0.91548,30.22,21.57,-11.30,-13.21,-12.57
Principal MPF Scheme Series 800,Principal HK Dollar Savings Fund - Class D,PRIN,Money Market Fund - Other than MPF Conservative Fund,01-12-2000,185.01,2,0.99923,4.20,3.80,4.05,-1.21,-0.45
Principal MPF Scheme Series 800,Principal HK Dollar Savings Fund - Class I,PRIN,Money Market Fund - Other than MPF Conservative Fund,01-12-2000,"2,259.30",2,1.03918,4.18,3.75,4.01,-1.25,-0.49
Principal MPF Scheme Series 800,Principal Hong Kong Bond Fund - Class N,PRIN,Bond Fund - Hong Kong Dollar Bond Fund,01-02-2012,662.74,3,1.03544,6.15,3.10,6.38,-9.00,-1.18
Principal MPF Scheme Series 800,Principal Hong Kong Equity Fund - Class D,PRIN,Equity Fund - Hong Kong Equity Fund,01-09-2006,175.00,6,1.31209,35.06,15.20,-12.60,-21.14,-15.23
Principal MPF Scheme Series 800,Principal Hong Kong Equity Fund - Class I,PRIN,Equity Fund - Hong Kong Equity Fund,01-09-2006,"3,588.04",6,1.41209,34.98,15.08,-12.70,-21.22,-15.31
Principal MPF Scheme Series 800,Principal International Bond Fund - Class D,PRIN,Bond Fund - Global Bond Fund,01-12-2000,58.55,4,1.30276,7.26,-3.71,5.38,-16.34,-5.56
Principal MPF Scheme Series 800,Principal International Bond Fund - Class I,PRIN,Bond Fund - Global Bond Fund,01-12-2000,"1,099.07",4,1.30278,7.25,-3.71,5.38,-16.34,-5.56
Principal MPF Scheme Series 800,Principal International Equity Fund - Class D,PRIN,Equity Fund - Global Equity Fund,01-12-2000,253.69,5,1.31631,21.64,10.67,23.53,-21.91,18.19
Principal MPF Scheme Series 800,Principal International Equity Fund - Class I,PRIN,Equity Fund - Global Equity Fund,01-12-2000,"2,643.44",5,1.50637,21.50,10.46,23.29,-22.06,17.97
Principal MPF Scheme Series 800,Principal Long Term Accumulation Fund - Class D,PRIN,Mixed Assets Fund - 41% to 60% Equity,01-12-2000,190.25,4,1.32355,16.09,4.21,6.44,-17.38,-0.09
Principal MPF Scheme Series 800,Principal Long Term Accumulation Fund - Class I,PRIN,Mixed Assets Fund - 41% to 60% Equity,01-12-2000,"1,929.52",4,1.52358,15.95,4.00,6.22,-17.55,-0.28
Principal MPF Scheme Series 800,Principal MPF Conservative Fund - Class N,PRIN,Money Market Fund - MPF Conservative Fund,01-12-2000,"5,629.20",1,0.98436,2.30,3.47,3.42,0.16,0.00
Principal MPF Scheme Series 800,Principal Stable Yield Fund - Class D,PRIN,Mixed Assets Fund - 21% to 40% Equity,01-12-2000,107.54,4,1.31662,12.30,1.34,5.93,-15.96,-1.78
Principal MPF Scheme Series 800,Principal Stable Yield Fund - Class I,PRIN,Mixed Assets Fund - 21% to 40% Equity,01-12-2000,"2,146.46",4,1.51665,12.16,1.14,5.71,-16.13,-1.97
Principal MPF Scheme Series 800,Principal US Equity Fund - Class D,PRIN,Equity Fund - United States Equity Fund,01-12-2000,313.82,5,1.28578,15.32,22.14,23.72,-19.20,26.96
Principal MPF Scheme Series 800,Principal US Equity Fund - Class I,PRIN,Equity Fund - United States Equity Fund,01-12-2000,"6,136.01",5,1.47591,15.19,21.91,23.48,-19.35,26.73
SHKP MPF Employer Sponsored Scheme,Allianz Choice Balanced Fund,SCT,Mixed Assets Fund - 61% to 80% Equity,19-03-2010,917.19,5,0.98849,21.09,8.26,5.39,-15.46,2.42
SHKP MPF Employer Sponsored Scheme,Allianz Choice Stable Growth Fund,SCT,Mixed Assets Fund - 41% to 60% Equity,01-12-2000,493.57,4,0.99070,16.45,5.45,5.08,-15.20,0.56
SHKP MPF Employer Sponsored Scheme,Fidelity Balanced Fund,SCT,Mixed Assets Fund - 61% to 80% Equity,01-12-2000,"1,607.95",5,0.87924,17.55,7.84,4.65,-19.13,0.55
SHKP MPF Employer Sponsored Scheme,Fidelity Stable Growth Fund,SCT,Mixed Assets Fund - 41% to 60% Equity,01-12-2000,785.41,4,0.88551,13.77,4.95,4.77,-18.60,-0.75
SHKP MPF Employer Sponsored Scheme,Invesco Global Stable Fund,SCT,Mixed Assets Fund - 21% to 40% Equity,04-03-2015,628.21,4,0.83055,12.49,1.98,6.16,-14.01,-2.04
SHKP MPF Employer Sponsored Scheme,Invesco MPF Conservative Fund,SCT,Money Market Fund - MPF Conservative Fund,01-12-2000,781.88,1,0.66355,2.36,3.66,3.63,0.47,0.01
SHKP MPF Employer Sponsored Scheme,Manulife Career Average Guaranteed Fund - SHKP,SCT,Guaranteed Fund,01-12-2000,567.40,4,2.26698,5.80,2.11,3.08,-11.35,-2.06
SHKP MPF Employer Sponsored Scheme,Schroder MPF Age 65 Plus Fund,SCT,Mixed Assets Fund - Default Investment Strategy - Age 65 Plus Fund,01-04-2017,396.18,4,0.60948,5.80,3.55,7.11,-14.31,1.25
SHKP MPF Employer Sponsored Scheme,Schroder MPF Core Accumulation Fund,SCT,Mixed Assets Fund - Default Investment Strategy - Core Accumulation Fund,01-04-2017,979.14,4,0.58185,13.49,9.90,13.38,-14.71,9.93
SHKP MPF Employer Sponsored Scheme,SHKP MPF Fund,SCT,Mixed Assets Fund - 41% to 60% Equity,02-07-2002,"1,856.19",5,0.66262,18.18,18.93,13.29,-30.78,-2.57
Sun Life Rainbow MPF Scheme,Sun Life FTSE MPF Hong Kong Index Fund - Class A,Sun Life,Equity Fund - Hong Kong Equity Fund (Index Tracking),10-12-2013,486.33,6,0.92593,36.27,18.95,-12.61,-15.08,-16.53
Sun Life Rainbow MPF Scheme,Sun Life FTSE MPF Hong Kong Index Fund - Class B,Sun Life,Equity Fund - Hong Kong Equity Fund (Index Tracking),10-12-2013,"3,625.53",6,0.92600,36.27,18.95,-12.61,-15.08,-16.53
Sun Life Rainbow MPF Scheme,Sun Life MPF Age 65 Plus Fund,Sun Life,Mixed Assets Fund - Default Investment Strategy - Age 65 Plus Fund,01-04-2017,"3,947.07",4,0.76817,5.72,3.45,7.08,-14.50,1.10
Sun Life Rainbow MPF Scheme,Sun Life MPF Asian Equity Fund - Class A,Sun Life,Equity Fund - Asia Equity Fund,01-03-2008,903.15,5,2.05256,25.57,3.77,1.05,-22.05,-6.97
Sun Life Rainbow MPF Scheme,Sun Life MPF Asian Equity Fund - Class B,Sun Life,Equity Fund - Asia Equity Fund,01-03-2008,"6,351.06",5,1.85268,25.82,3.98,1.26,-21.90,-6.78
Sun Life Rainbow MPF Scheme,Sun Life MPF Balanced Fund - Class A,Sun Life,Mixed Assets Fund - 41% to 60% Equity,01-12-2000,"1,120.64",4,1.82956,12.31,2.24,4.23,-18.69,0.40
Sun Life Rainbow MPF Scheme,Sun Life MPF Balanced Fund - Class B,Sun Life,Mixed Assets Fund - 41% to 60% Equity,01-12-2000,"6,855.90",4,1.62953,12.54,2.44,4.44,-18.53,0.60
Sun Life Rainbow MPF Scheme,Sun Life MPF Conservative Fund - Class A,Sun Life,Money Market Fund - MPF Conservative Fund,01-12-2000,"2,472.47",1,0.89579,2.11,3.61,3.63,0.32,0.00
Sun Life Rainbow MPF Scheme,Sun Life MPF Conservative Fund - Class B,Sun Life,Money Market Fund - MPF Conservative Fund,01-12-2000,"22,470.05",1,0.89573,2.11,3.61,3.64,0.38,0.00
Sun Life Rainbow MPF Scheme,Sun Life MPF Core Accumulation Fund,Sun Life,Mixed Assets Fund - Default Investment Strategy - Core Accumulation Fund,01-04-2017,"17,896.86",4,0.77042,13.39,9.81,13.28,-14.87,9.72
Sun Life Rainbow MPF Scheme,Sun Life MPF European Equity Fund,Sun Life,Equity Fund - Europe Equity Fund,05-06-2023,"1,222.46",n.a.,1.27549,30.63,0.97,n.a.,n.a.,n.a.
Sun Life Rainbow MPF Scheme,Sun Life MPF Global Bond Fund - Class A,Sun Life,Bond Fund - Global Bond Fund,01-01-2010,349.45,4,1.78008,4.86,-3.33,4.83,-13.70,-3.65
Sun Life Rainbow MPF Scheme,Sun Life MPF Global Bond Fund - Class B,Sun Life,Bond Fund - Global Bond Fund,01-01-2010,"2,683.07",4,1.57969,5.07,-3.13,5.04,-13.53,-3.46
Sun Life Rainbow MPF Scheme,Sun Life MPF Global Low Carbon Index Fund,Sun Life,Equity Fund - Global Equity Fund,05-06-2023,"4,453.71",n.a.,1.19123,19.92,13.92,n.a.,n.a.,n.a.
Sun Life Rainbow MPF Scheme,Sun Life MPF Greater China Equity Fund - Class A,Sun Life,Equity Fund - Greater China Equity Fund,01-03-2008,"1,285.85",6,2.06982,29.34,12.23,-8.73,-27.83,-8.14
Sun Life Rainbow MPF Scheme,Sun Life MPF Greater China Equity Fund - Class B,Sun Life,Equity Fund - Greater China Equity Fund,01-03-2008,"7,827.48",6,1.86986,29.60,12.46,-8.55,-27.68,-7.96
Sun Life Rainbow MPF Scheme,Sun Life MPF Growth Fund - Class A,Sun Life,Mixed Assets Fund - 61% to 80% Equity,01-12-2000,"2,042.24",4,1.84965,16.25,4.40,3.97,-20.36,2.39
Sun Life Rainbow MPF Scheme,Sun Life MPF Growth Fund - Class B,Sun Life,Mixed Assets Fund - 61% to 80% Equity,01-12-2000,"12,581.27",4,1.64959,16.49,4.61,4.17,-20.20,2.59
Sun Life Rainbow MPF Scheme,Sun Life MPF Hong Kong Dollar Bond Fund - Class A,Sun Life,Bond Fund - Hong Kong Dollar Bond Fund,01-12-2000,778.42,3,1.69066,5.45,2.10,5.39,-9.54,-2.01
Sun Life Rainbow MPF Scheme,Sun Life MPF Hong Kong Dollar Bond Fund - Class B,Sun Life,Bond Fund - Hong Kong Dollar Bond Fund,01-12-2000,"4,759.78",3,1.56045,5.45,2.24,5.59,-9.36,-1.81
Sun Life Rainbow MPF Scheme,Sun Life MPF Hong Kong Equity Fund - Class A,Sun Life,Equity Fund - Hong Kong Equity Fund,01-12-2000,"5,060.47",6,1.79143,25.11,10.59,-16.73,-15.31,-10.09
Sun Life Rainbow MPF Scheme,Sun Life MPF Hong Kong Equity Fund - Class B,Sun Life,Equity Fund - Hong Kong Equity Fund,01-12-2000,"30,206.66",6,1.59132,25.36,10.82,-16.57,-15.14,-9.91
Sun Life Rainbow MPF Scheme,Sun Life MPF Income Fund,Sun Life,Mixed Assets Fund - Uncategorized Mixed Asset Fund,17-02-2025,391.62,n.a.,n.a.,n.a.,n.a.,n.a.,n.a.,n.a.
Sun Life Rainbow MPF Scheme,Sun Life MPF Multi-Sector Equity Fund - Class A,Sun Life,Equity Fund - Global Equity Fund,01-03-2008,"2,033.88",5,1.82226,17.93,11.51,18.86,-20.25,18.63
Sun Life Rainbow MPF Scheme,Sun Life MPF Multi-Sector Equity Fund - Class B,Sun Life,Equity Fund - Global Equity Fund,01-03-2008,"16,139.05",5,1.62238,18.17,11.73,19.10,-20.09,18.86
Sun Life Rainbow MPF Scheme,Sun Life MPF RMB and HKD Fund - Class A,Sun Life,Money Market Fund - Other than MPF Conservative Fund,30-06-2012,175.83,3,1.23653,4.54,-0.41,0.31,-3.94,2.23
Sun Life Rainbow MPF Scheme,Sun Life MPF RMB and HKD Fund - Class B,Sun Life,Money Market Fund - Other than MPF Conservative Fund,30-06-2012,"1,081.55",3,1.18641,4.59,-0.36,0.36,-3.90,2.29
Sun Life Rainbow MPF Scheme,Sun Life MPF Stable Fund - Class A,Sun Life,Mixed Assets Fund - 21% to 40% Equity,01-12-2000,997.49,4,1.80800,8.71,-0.09,4.43,-17.12,-1.73
Sun Life Rainbow MPF Scheme,Sun Life MPF Stable Fund - Class B,Sun Life,Mixed Assets Fund - 21% to 40% Equity,01-12-2000,"6,465.55",4,1.60806,8.92,0.11,4.64,-16.95,-1.54
Sun Life Rainbow MPF Scheme,Sun Life MPF US & Hong Kong Equity Fund,Sun Life,Equity Fund - Uncategorized Equity Fund,29-11-2023,"1,929.67",n.a.,1.11040,21.39,20.62,n.a.,n.a.,n.a.
Sun Life Rainbow MPF Scheme,Sun Life MPF US Equity Fund,Sun Life,Equity Fund - United States Equity Fund,05-06-2023,"10,210.82",n.a.,1.23697,12.88,20.97,n.a.,n.a.,n.a.
