fund_id,trustee_id,trustee_en,trustee_zh,scheme_id,scheme_en,scheme_zh,fund_type_id,fund_type_en,fund_type_zh,fund_name_en,fund_name_zh,class,launch_date
101,AIA,AIA,友邦,PV,AIA MPF - Prime Value Choice,友邦強積金優選計劃,BOND_ASIA,Bond Fund - Asia Bond Fund,債券基金 - 亞洲債券基金,Asian Bond Fund,亞洲債券基金,,2011-09-23
102,AIA,AIA,友邦,PV,AIA MPF - Prime Value Choice,友邦強積金優選計劃,EQ_OTH,Equity Fund - Uncategorized Equity Fund,股票基金 - 未分類股票基金,Eurasia Fund,亞歐基金,,2011-09-23
103,AIA,AIA,友邦,PV,AIA MPF - Prime Value Choice,友邦強積金優選計劃,EQ_HK,Equity Fund - Hong Kong Equity Fund,股票基金 - 香港股票基金,Hong Kong and China Fund,中港基金,,2011-09-23
104,AIA,AIA,友邦,PV,AIA MPF - Prime Value Choice,友邦強積金優選計劃,EQ_US,Equity Fund - United States Equity Fund,股票基金 - 美國股票基金,American Fund,美洲基金,,2011-09-23
105,AIA,AIA,友邦,PV,AIA MPF - Prime Value Choice,友邦強積金優選計劃,MIX_OTH,Mixed Assets Fund - Uncategorized Mixed Asset Fund,混合資產基金 - 未分類混合資產基金,China HK Dynamic Asset Allocation Fund,中港動態資產配置基金,,2017-07-04
106,AIA,AIA,友邦,PV,AIA MPF - Prime Value Choice,友邦強積金優選計劃,EQ_GLOB,Equity Fund - Global Equity Fund,股票基金 - 環球股票基金,Green Fund,綠色退休基金,,2006-03-31
107,AIA,AIA,友邦,PV,AIA MPF - Prime Value Choice,友邦強積金優選計劃,BOND_GLOB,Bond Fund - Global Bond Fund,債券基金 - 環球債券基金,Global Bond Fund,環球債券基金,,2007-12-01
108,AIA,AIA,友邦,PV,AIA MPF - Prime Value Choice,友邦強積金優選計劃,EQ_GLOB,Equity Fund - Global Equity Fund,股票基金 - 環球股票基金,World Fund,全球基金,,2007-12-01
109,AIA,AIA,友邦,PV,AIA MPF - Prime Value Choice,友邦強積金優選計劃,MIX_OTH,Mixed Assets Fund - Uncategorized Mixed Asset Fund,混合資產基金 - 未分類混合資產基金,Manager's Choice Fund,基金經理精選退休基金,,2008-08-01
110,AIA,AIA,友邦,PV,AIA MPF - Prime Value Choice,友邦強積金優選計劃,MIX_41_60,Mixed Assets Fund - 41% to 60% Equity,混合資產基金 - 41% 至 60% 股票,Balanced Portfolio,均衡組合,,2000-12-01
111,AIA,AIA,友邦,PV,AIA MPF - Prime Value Choice,友邦強積金優選計劃,EQ_GCHNA,Equity Fund - Greater China Equity Fund,股票基金 - 大中華股票基金,Greater China Equity Fund,大中華股票基金,,2004-12-01
112,AIA,AIA,友邦,PV,AIA MPF - Prime Value Choice,友邦強積金優選計劃,EQ_EUR,Equity Fund - Europe Equity Fund,股票基金 - 歐洲股票基金,European Equity Fund,歐洲股票基金,,2002-01-01
113,AIA,AIA,友邦,PV,AIA MPF - Prime Value Choice,友邦強積金優選計劃,EQ_ASIA,Equity Fund - Asia Equity Fund,股票基金 - 亞洲股票基金,Asian Equity Fund,亞洲股票基金,,2004-12-01
114,AIA,AIA,友邦,PV,AIA MPF - Prime Value Choice,友邦強積金優選計劃,EQ_US,Equity Fund - United States Equity Fund,股票基金 - 美國股票基金,North American Equity Fund,北美股票基金,,2002-01-01
115,AIA,AIA,友邦,PV,AIA MPF - Prime Value Choice,友邦強積金優選計劃,MIX_DIS_65,Mixed Assets Fund - Default Investment Strategy - Age 65 Plus Fund,混合資產基金 - 預設投資策略-65歲後基金,Age 65 Plus Fund,65歲後基金,,2017-04-01
116,AIA,AIA,友邦,PV,AIA MPF - Prime Value Choice,友邦強積金優選計劃,MIX_DIS_CAF,Mixed Assets Fund - Default Investment Strategy - Core Accumulation Fund,混合資產基金 - 預設投資策略-核心累積基金,Core Accumulation Fund,核心累積基金,,2017-04-01
117,AIA,AIA,友邦,PV,AIA MPF - Prime Value Choice,友邦強積金優選計劃,MM_MPFCON,Money Market Fund - MPF Conservative Fund,貨幣市場基金 - 強積金保守基金,MPF Conservative Fund,強積金保守基金,,2000-12-01
118,AIA,AIA,友邦,PV,AIA MPF - Prime Value Choice,友邦強積金優選計劃,GUAR,Guaranteed Fund,保證基金,Guaranteed Portfolio,保證組合,,2000-12-01
119,AIA,AIA,友邦,PV,AIA MPF - Prime Value Choice,友邦強積金優選計劃,MIX_21_40,Mixed Assets Fund - 21% to 40% Equity,混合資產基金 - 21% 至 40% 股票,Capital Stable Portfolio,穩定資本組合,,2000-12-01
120,AIA,AIA,友邦,PV,AIA MPF - Prime Value Choice,友邦強積金優選計劃,MIX_81_100,Mixed Assets Fund - 81% to 100% Equity,混合資產基金 - 81% 至 100% 股票,Growth Portfolio,增長組合,,2000-12-01
201,HSBC,HSBC,滙豐,ST,HSBC Mandatory Provident Fund - SuperTrust Plus,滙豐強積金智選計劃,EQ_ASIA,Equity Fund - Asia Equity Fund,股票基金 - 亞洲股票基金,Asia Pacific Equity Fund,亞太股票基金,,2000-12-01
202,HSBC,HSBC,滙豐,ST,HSBC Mandatory Provident Fund - SuperTrust Plus,滙豐強積金智選計劃,MIX_DIS_65,Mixed Assets Fund - Default Investment Strategy - Age 65 Plus Fund,混合資產基金 - 預設投資策略-65歲後基金,Age 65 Plus Fund (with de-risking nature),65歲後基金,,2009-10-08
203,HSBC,HSBC,滙豐,ST,HSBC Mandatory Provident Fund - SuperTrust Plus,滙豐強積金智選計劃,MIX_61_80,Mixed Assets Fund - 61% to 80% Equity,混合資產基金 - 61% 至 80% 股票,Balanced Fund,均衡基金,,2000-12-01
204,HSBC,HSBC,滙豐,ST,HSBC Mandatory Provident Fund - SuperTrust Plus,滙豐強積金智選計劃,MIX_DIS_CAF,Mixed Assets Fund - Default Investment Strategy - Core Accumulation Fund,混合資產基金 - 預設投資策略-核心累積基金,Core Accumulation Fund (with de-risking nature),核心累積基金,,2000-12-01
205,HSBC,HSBC,滙豐,ST,HSBC Mandatory Provident Fund - SuperTrust Plus,滙豐強積金智選計劃,EQ_CHN,Equity Fund - China Equity Fund,股票基金 - 中國股票基金,Chinese Equity Fund,中國股票基金,,2009-10-08
206,HSBC,HSBC,滙豐,ST,HSBC Mandatory Provident Fund - SuperTrust Plus,滙豐強積金智選計劃,MM_MPFCON,Money Market Fund - MPF Conservative Fund,貨幣市場基金 - 強積金保守基金,MPF Conservative Fund,強積金保守基金,,2000-12-01
207,HSBC,HSBC,滙豐,ST,HSBC Mandatory Provident Fund - SuperTrust Plus,滙豐強積金智選計劃,EQ_EUR,Equity Fund - Europe Equity Fund,股票基金 - 歐洲股票基金,European Equity Fund,歐洲股票基金,,2000-12-01
208,HSBC,HSBC,滙豐,ST,HSBC Mandatory Provident Fund - SuperTrust Plus,滙豐強積金智選計劃,MIX_DIS_65,Mixed Assets Fund - Default Investment Strategy - Age 65 Plus Fund,混合資產基金 - 預設投資策略-65歲後基金,Age 65 Plus Fund,65歲後基金,,2009-10-08
209,HSBC,HSBC,滙豐,ST,HSBC Mandatory Provident Fund - SuperTrust Plus,滙豐強積金智選計劃,BOND_GLOB,Bond Fund - Global Bond Fund,債券基金 - 環球債券基金,Global Bond Fund,環球債券基金,,2009-10-08
210,HSBC,HSBC,滙豐,ST,HSBC Mandatory Provident Fund - SuperTrust Plus,滙豐強積金智選計劃,EQ_GLOB,Equity Fund - Global Equity Fund,股票基金 - 環球股票基金,Global Equity Fund,環球股票基金,,2019-07-01
211,HSBC,HSBC,滙豐,ST,HSBC Mandatory Provident Fund - SuperTrust Plus,滙豐強積金智選計劃,MIX_81_100,Mixed Assets Fund - 81% to 100% Equity,混合資產基金 - 81% 至 100% 股票,Growth Fund,增長基金,,2000-12-01
212,HSBC,HSBC,滙豐,ST,HSBC Mandatory Provident Fund - SuperTrust Plus,滙豐強積金智選計劃,GUAR,Guaranteed Fund,保證基金,Guaranteed Fund,保證基金,,2000-12-01
213,HSBC,HSBC,滙豐,ST,HSBC Mandatory Provident Fund - SuperTrust Plus,滙豐強積金智選計劃,EQ_HK,Equity Fund - Hong Kong Equity Fund,股票基金 - 香港股票基金,Hong Kong and Chinese Equity Fund,中港股票基金,,2000-12-01
214,HSBC,HSBC,滙豐,ST,HSBC Mandatory Provident Fund - SuperTrust Plus,滙豐強積金智選計劃,EQ_CHN,Equity Fund - China Equity Fund,股票基金 - 中國股票基金,Hang Seng China Enterprises Index Tracking Fund,恒生中國企業指數基金,,2019-07-01
215,HSBC,HSBC,滙豐,ST,HSBC Mandatory Provident Fund - SuperTrust Plus,滙豐強積金智選計劃,EQ_HK_IDX,Equity Fund - Hong Kong Equity Fund (Index Tracking),股票基金 - 香港股票基金（追蹤指數）,Hang Seng Index Tracking Fund,恒指基金,,2000-12-01
216,HSBC,HSBC,滙豐,ST,HSBC Mandatory Provident Fund - SuperTrust Plus,滙豐強積金智選計劃,EQ_US,Equity Fund - United States Equity Fund,股票基金 - 美國股票基金,North American Equity Fund,北美股票基金,,2000-12-01
217,HSBC,HSBC,滙豐,ST,HSBC Mandatory Provident Fund - SuperTrust Plus,滙豐強積金智選計劃,MIX_21_40,Mixed Assets Fund - 21% to 40% Equity,混合資產基金 - 21% 至 40% 股票,Stable Fund,平穩基金,,2009-10-08
218,HSBC,HSBC,滙豐,ST,HSBC Mandatory Provident Fund - SuperTrust Plus,滙豐強積金智選計劃,MIX_DIS_CAF,Mixed Assets Fund - Default Investment Strategy - Core Accumulation Fund,混合資產基金 - 預設投資策略-核心累積基金,Core Accumulation Fund,核心累積基金,,2000-12-01
219,HSBC,HSBC,滙豐,ST,HSBC Mandatory Provident Fund - SuperTrust Plus,滙豐強積金智選計劃,EQ_ASIA,Equity Fund - Asia Equity Fund,股票基金 - 亞洲股票基金,ValueChoice Asia Pacific Equity Tracker Fund,智優逸亞太股票追蹤指數基金,,2019-07-01
220,HSBC,HSBC,滙豐,ST,HSBC Mandatory Provident Fund - SuperTrust Plus,滙豐強積金智選計劃,MIX_61_80,Mixed Assets Fund - 61% to 80% Equity,混合資產基金 - 61% 至 80% 股票,ValueChoice Balanced Fund,智優逸均衡基金,,2019-07-01
221,HSBC,HSBC,滙豐,ST,HSBC Mandatory Provident Fund - SuperTrust Plus,滙豐強積金智選計劃,EQ_EUR,Equity Fund - Europe Equity Fund,股票基金 - 歐洲股票基金,ValueChoice Europe Equity Tracker Fund,智優逸歐洲股票追蹤指數基金,,2019-07-01
222,HSBC,HSBC,滙豐,ST,HSBC Mandatory Provident Fund - SuperTrust Plus,滙豐強積金智選計劃,EQ_US,Equity Fund - United States Equity Fund,股票基金 - 美國股票基金,ValueChoice North America Equity Tracker Fund,智優逸北美股票追蹤指數基金,,2019-07-01
230,HSBC,HSBC,滙豐,FT,Fidelity Retirement Master Trust,富達退休集成信託,MIX_DIS_65,Mixed Assets Fund - Default Investment Strategy - Age 65 Plus Fund,混合資產基金 - 預設投資策略-65歲後基金,Age 65 Plus Fund,65歲後基金,,2017-04-01
231,HSBC,HSBC,滙豐,FT,Fidelity Retirement Master Trust,富達退休集成信託,EQ_US,Equity Fund - United States Equity Fund,股票基金 - 美國股票基金,Americas Equity Fund,美洲股票基金,,2023-08-31
232,HSBC,HSBC,滙豐,FT,Fidelity Retirement Master Trust,富達退休集成信託,EQ_ASIA,Equity Fund - Asia Equity Fund,股票基金 - 亞洲股票基金,Asia Pacific Equity Fund,亞太股票基金,,2006-08-07
233,HSBC,HSBC,滙豐,FT,Fidelity Retirement Master Trust,富達退休集成信託,MIX_61_80,Mixed Assets Fund - 61% to 80% Equity,混合資產基金 - 61% 至 80% 股票,Balanced Fund,均衡基金,,2000-12-01
234,HSBC,HSBC,滙豐,FT,Fidelity Retirement Master Trust,富達退休集成信託,MIX_21_40,Mixed Assets Fund - 21% to 40% Equity,混合資產基金 - 21% 至 40% 股票,Capital Stable Fund,資本穩定基金,,2000-12-01
235,HSBC,HSBC,滙豐,FT,Fidelity Retirement Master Trust,富達退休集成信託,MIX_DIS_CAF,Mixed Assets Fund - Default Investment Strategy - Core Accumulation Fund,混合資產基金 - 預設投資策略-核心累積基金,Core Accumulation Fund,核心累積基金,,2017-04-01
236,HSBC,HSBC,滙豐,FT,Fidelity Retirement Master Trust,富達退休集成信託,EQ_EUR,Equity Fund - Europe Equity Fund,股票基金 - 歐洲股票基金,European Equity Fund,歐洲股票基金,,2023-08-31
237,HSBC,HSBC,滙豐,FT,Fidelity Retirement Master Trust,富達退休集成信託,EQ_HK_IDX,Equity Fund - Hong Kong Equity Fund (Index Tracking),股票基金 - 香港股票基金（追蹤指數）,Fidelity Hong Kong Tracker Fund,富達香港盈富基金,,2013-06-28
238,HSBC,HSBC,滙豐,FT,Fidelity Retirement Master Trust,富達退休集成信託,MIX_OTH,Mixed Assets Fund - Uncategorized Mixed Asset Fund,混合資產基金 - 未分類混合資產基金,Fidelity SaveEasy 2025 Fund,富達「儲蓄易」2025基金,,2008-10-27
239,HSBC,HSBC,滙豐,FT,Fidelity Retirement Master Trust,富達退休集成信託,MIX_OTH,Mixed Assets Fund - Uncategorized Mixed Asset Fund,混合資產基金 - 未分類混合資產基金,Fidelity SaveEasy 2030 Fund,富達「儲蓄易」2030基金,,2008-10-27
240,HSBC,HSBC,滙豐,FT,Fidelity Retirement Master Trust,富達退休集成信託,MIX_OTH,Mixed Assets Fund - Uncategorized Mixed Asset Fund,混合資產基金 - 未分類混合資產基金,Fidelity SaveEasy 2035 Fund,富達「儲蓄易」2035基金,,2008-10-27
241,HSBC,HSBC,滙豐,FT,Fidelity Retirement Master Trust,富達退休集成信託,MIX_OTH,Mixed Assets Fund - Uncategorized Mixed Asset Fund,混合資產基金 - 未分類混合資產基金,Fidelity SaveEasy 2040 Fund,富達「儲蓄易」2040基金,,2008-10-27
242,HSBC,HSBC,滙豐,FT,Fidelity Retirement Master Trust,富達退休集成信託,MIX_OTH,Mixed Assets Fund - Uncategorized Mixed Asset Fund,混合資產基金 - 未分類混合資產基金,Fidelity SaveEasy 2045 Fund,富達「儲蓄易」2045基金,,2015-11-23
243,HSBC,HSBC,滙豐,FT,Fidelity Retirement Master Trust,富達退休集成信託,MIX_OTH,Mixed Assets Fund - Uncategorized Mixed Asset Fund,混合資產基金 - 未分類混合資產基金,Fidelity SaveEasy 2050 Fund,富達「儲蓄易」2050基金,,2015-11-23
244,HSBC,HSBC,滙豐,FT,Fidelity Retirement Master Trust,富達退休集成信託,EQ_GLOB,Equity Fund - Global Equity Fund,股票基金 - 環球股票基金,Global Equity Fund,環球股票基金,,2003-07-02
245,HSBC,HSBC,滙豐,FT,Fidelity Retirement Master Trust,富達退休集成信託,MIX_81_100,Mixed Assets Fund - 81% to 100% Equity,混合資產基金 - 81% 至 100% 股票,Growth Fund,增長基金,,2000-12-01
246,HSBC,HSBC,滙豐,FT,Fidelity Retirement Master Trust,富達退休集成信託,BOND_HKD,Bond Fund - Hong Kong Dollar Bond Fund,債券基金 - 港元債券基金,Hong Kong Bond Fund,香港債券基金,,2003-07-08
247,HSBC,HSBC,滙豐,FT,Fidelity Retirement Master Trust,富達退休集成信託,EQ_HK,Equity Fund - Hong Kong Equity Fund,股票基金 - 香港股票基金,Hong Kong Equity Fund,香港股票基金,,2000-12-01
248,HSBC,HSBC,滙豐,FT,Fidelity Retirement Master Trust,富達退休集成信託,MM_MPFCON,Money Market Fund - MPF Conservative Fund,貨幣市場基金 - 強積金保守基金,MPF Conservative Fund,強積金保守基金,,2000-12-01
249,HSBC,HSBC,滙豐,FT,Fidelity Retirement Master Trust,富達退休集成信託,MIX_OTH,Mixed Assets Fund - Uncategorized Mixed Asset Fund,混合資產基金 - 未分類混合資產基金,RetireEasy Fund,退休易基金,,2021-11-01
250,HSBC,HSBC,滙豐,FT,Fidelity Retirement Master Trust,富達退休集成信託,BOND_RMB,Bond Fund - RMB Bond Fund,債券基金 - 人民幣債券基金,RMB Bond Fund,人民幣債券基金,,2016-05-16
251,HSBC,HSBC,滙豐,FT,Fidelity Retirement Master Trust,富達退休集成信託,MIX_41_60,Mixed Assets Fund - 41% to 60% Equity,混合資產基金 - 41% 至 60% 股票,Stable Growth Fund,平穩增長基金,,2000-12-01
252,HSBC,HSBC,滙豐,FT,Fidelity Retirement Master Trust,富達退休集成信託,BOND_GLOB,Bond Fund - Global Bond Fund,債券基金 - 環球債券基金,World Bond Fund,國際債券基金,,2003-07-08
260,HSBC,HSBC,滙豐,HS,Hang Seng Mandatory Provident Fund - SuperTrust Plus,恒生強積金智選計劃,EQ_ASIA,Equity Fund - Asia Equity Fund,股票基金 - 亞洲股票基金,Asia Pacific Equity Fund,亞太股票基金,,2000-12-01
261,HSBC,HSBC,滙豐,HS,Hang Seng Mandatory Provident Fund - SuperTrust Plus,恒生強積金智選計劃,MIX_DIS_65,Mixed Assets Fund - Default Investment Strategy - Age 65 Plus Fund,混合資產基金 - 預設投資策略-65歲後基金,Age 65 Plus Fund,65 歲後基金,,2009-10-08
262,HSBC,HSBC,滙豐,HS,Hang Seng Mandatory Provident Fund - SuperTrust Plus,恒生強積金智選計劃,MIX_61_80,Mixed Assets Fund - 61% to 80% Equity,混合資產基金 - 61% 至 80% 股票,Balanced Fund,均衡基金,,2000-12-01
263,HSBC,HSBC,滙豐,HS,Hang Seng Mandatory Provident Fund - SuperTrust Plus,恒生強積金智選計劃,MIX_DIS_CAF,Mixed Assets Fund - Default Investment Strategy - Core Accumulation Fund,混合資產基金 - 預設投資策略-核心累積基金,Core Accumulation Fund,核心累積基金,,2000-12-01
264,HSBC,HSBC,滙豐,HS,Hang Seng Mandatory Provident Fund - SuperTrust Plus,恒生強積金智選計劃,EQ_CHN,Equity Fund - China Equity Fund,股票基金 - 中國股票基金,Chinese Equity Fund,中國股票基金,,2009-10-08
265,HSBC,HSBC,滙豐,HS,Hang Seng Mandatory Provident Fund - SuperTrust Plus,恒生強積金智選計劃,MM_MPFCON,Money Market Fund - MPF Conservative Fund,貨幣市場基金 - 強積金保守基金,MPF Conservative Fund,強積金保守基金,,2000-12-01
266,HSBC,HSBC,滙豐,HS,Hang Seng Mandatory Provident Fund - SuperTrust Plus,恒生強積金智選計劃,EQ_EUR,Equity Fund - Europe Equity Fund,股票基金 - 歐洲股票基金,European Equity Fund,歐洲股票基金,,2000-12-01
267,HSBC,HSBC,滙豐,HS,Hang Seng Mandatory Provident Fund - SuperTrust Plus,恒生強積金智選計劃,MIX_DIS_65,Mixed Assets Fund - Default Investment Strategy - Age 65 Plus Fund,混合資產基金 - 預設投資策略-65歲後基金,Age 65 Plus Fund,65 歲後基金,,2009-10-08
268,HSBC,HSBC,滙豐,HS,Hang Seng Mandatory Provident Fund - SuperTrust Plus,恒生強積金智選計劃,BOND_GLOB,Bond Fund - Global Bond Fund,債券基金 - 環球債券基金,Global Bond Fund,環球債券基金,,2009-10-08
269,HSBC,HSBC,滙豐,HS,Hang Seng Mandatory Provident Fund - SuperTrust Plus,恒生強積金智選計劃,EQ_GLOB,Equity Fund - Global Equity Fund,股票基金 - 環球股票基金,Global Equity Fund,環球股票基金,,2019-07-01
270,HSBC,HSBC,滙豐,HS,Hang Seng Mandatory Provident Fund - SuperTrust Plus,恒生強積金智選計劃,MIX_81_100,Mixed Assets Fund - 81% to 100% Equity,混合資產基金 - 81% 至 100% 股票,Growth Fund,保證基金,,2000-12-01
271,HSBC,HSBC,滙豐,HS,Hang Seng Mandatory Provident Fund - SuperTrust Plus,恒生強積金智選計劃,GUAR,Guaranteed Fund,保證基金,Guaranteed Fund,保證基金,,2000-12-01
272,HSBC,HSBC,滙豐,HS,Hang Seng Mandatory Provident Fund - SuperTrust Plus,恒生強積金智選計劃,EQ_HK,Equity Fund - Hong Kong Equity Fund,股票基金 - 香港股票基金,Hong Kong and Chinese Equity Fund,中港股票基金,,2000-12-01
273,HSBC,HSBC,滙豐,HS,Hang Seng Mandatory Provident Fund - SuperTrust Plus,恒生強積金智選計劃,EQ_CHN,Equity Fund - China Equity Fund,股票基金 - 中國股票基金,Hang Seng China Enterprises Index Tracking Fund,恒生中國企業指數基金,,2019-07-01
274,HSBC,HSBC,滙豐,HS,Hang Seng Mandatory Provident Fund - SuperTrust Plus,恒生強積金智選計劃,EQ_HK_IDX,Equity Fund - Hong Kong Equity Fund (Index Tracking),股票基金 - 香港股票基金（追蹤指數）,Hang Seng Index Tracking Fund,恒指基金,,2000-12-01
275,HSBC,HSBC,滙豐,HS,Hang Seng Mandatory Provident Fund - SuperTrust Plus,恒生強積金智選計劃,EQ_US,Equity Fund - United States Equity Fund,股票基金 - 美國股票基金,North American Equity Fund,北美股票基金,,2000-12-01
276,HSBC,HSBC,滙豐,HS,Hang Seng Mandatory Provident Fund - SuperTrust Plus,恒生強積金智選計劃,MIX_21_40,Mixed Assets Fund - 21% to 40% Equity,混合資產基金 - 21% 至 40% 股票,Stable Fund,平穩基金,,2009-10-08
277,HSBC,HSBC,滙豐,HS,Hang Seng Mandatory Provident Fund - SuperTrust Plus,恒生強積金智選計劃,MIX_DIS_CAF,Mixed Assets Fund - Default Investment Strategy - Core Accumulation Fund,混合資產基金 - 預設投資策略-核心累積基金,Core Accumulation Fund,核心累積基金,,2000-12-01
278,HSBC,HSBC,滙豐,HS,Hang Seng Mandatory Provident Fund - SuperTrust Plus,恒生強積金智選計劃,EQ_ASIA,Equity Fund - Asia Equity Fund,股票基金 - 亞洲股票基金,ValueChoice Asia Pacific Equity Tracker Fund,智優逸亞太股票追蹤指數基金,,2019-07-01
279,HSBC,HSBC,滙豐,HS,Hang Seng Mandatory Provident Fund - SuperTrust Plus,恒生強積金智選計劃,MIX_61_80,Mixed Assets Fund - 61% to 80% Equity,混合資產基金 - 61% 至 80% 股票,ValueChoice Balanced Fund,智優逸均衡基金,,2019-07-01
280,HSBC,HSBC,滙豐,HS,Hang Seng Mandatory Provident Fund - SuperTrust Plus,恒生強積金智選計劃,EQ_EUR,Equity Fund - Europe Equity Fund,股票基金 - 歐洲股票基金,ValueChoice Europe Equity Tracker Fund,智優逸歐洲股票追蹤指數基金,,2019-07-01
281,HSBC,HSBC,滙豐,HS,Hang Seng Mandatory Provident Fund - SuperTrust Plus,恒生強積金智選計劃,EQ_US,Equity Fund - United States Equity Fund,股票基金 - 美國股票基金,ValueChoice US Equity Fund,智優逸北美股票追蹤指數基金,,2019-07-01
301,MNLF,Manulife,宏利,RC,Manulife RetireChoice (MPF) Scheme,宏利退休精選（強積金）計劃,MIX_DIS_65,Mixed Assets Fund - Default Investment Strategy - Age 65 Plus Fund,混合資產基金 - 預設投資策略-65歲後基金,Allianz MPF Age 65 Plus Fund - Class A,安聯強積金65歲後基金 - 單位A,A,2017-04-01
302,MNLF,Manulife,宏利,RC,Manulife RetireChoice (MPF) Scheme,宏利退休精選（強積金）計劃,MIX_DIS_65,Mixed Assets Fund - Default Investment Strategy - Age 65 Plus Fund,混合資產基金 - 預設投資策略-65歲後基金,Allianz MPF Age 65 Plus Fund - Class B,安聯強積金65歲後基金 - 單位B,B,2017-04-01
303,MNLF,Manulife,宏利,RC,Manulife RetireChoice (MPF) Scheme,宏利退休精選（強積金）計劃,MIX_DIS_65,Mixed Assets Fund - Default Investment Strategy - Age 65 Plus Fund,混合資產基金 - 預設投資策略-65歲後基金,Allianz MPF Age 65 Plus Fund - Class T,安聯強積金65歲後基金 - 單位T,T,2017-04-01
304,MNLF,Manulife,宏利,RC,Manulife RetireChoice (MPF) Scheme,宏利退休精選（強積金）計劃,MIX_DIS_65,Mixed Assets Fund - Default Investment Strategy - Age 65 Plus Fund,混合資產基金 - 預設投資策略-65歲後基金,Allianz MPF Age 65 Plus Fund (No automatic de-risking features) - Class A,安聯強積金65歲後基金 - 單位A,A,2017-04-01
305,MNLF,Manulife,宏利,RC,Manulife RetireChoice (MPF) Scheme,宏利退休精選（強積金）計劃,MIX_DIS_65,Mixed Assets Fund - Default Investment Strategy - Age 65 Plus Fund,混合資產基金 - 預設投資策略-65歲後基金,Allianz MPF Age 65 Plus Fund (No automatic de-risking features) - Class B,安聯強積金65歲後基金 - 單位A,B,2017-04-01
306,MNLF,Manulife,宏利,RC,Manulife RetireChoice (MPF) Scheme,宏利退休精選（強積金）計劃,MIX_DIS_65,Mixed Assets Fund - Default Investment Strategy - Age 65 Plus Fund,混合資產基金 - 預設投資策略-65歲後基金,Allianz MPF Age 65 Plus Fund (No automatic de-risking features) - Class T,安聯強積金65歲後基金 - 單位A,T,2017-04-01
307,MNLF,Manulife,宏利,RC,Manulife RetireChoice (MPF) Scheme,宏利退休精選（強積金）計劃,MIX_DIS_CAF,Mixed Assets Fund - Default Investment Strategy - Core Accumulation Fund,混合資產基金 - 預設投資策略-核心累積基金,Allianz MPF Core Accumulation Fund - Class A,安聯強積金核心累積基金 - 單位A,A,2017-04-01
308,MNLF,Manulife,宏利,RC,Manulife RetireChoice (MPF) Scheme,宏利退休精選（強積金）計劃,MIX_DIS_CAF,Mixed Assets Fund - Default Investment Strategy - Core Accumulation Fund,混合資產基金 - 預設投資策略-核心累積基金,Allianz MPF Core Accumulation Fund - Class B,安聯強積金核心累積基金 - 單位B,B,2017-04-01
309,MNLF,Manulife,宏利,RC,Manulife RetireChoice (MPF) Scheme,宏利退休精選（強積金）計劃,MIX_DIS_CAF,Mixed Assets Fund - Default Investment Strategy - Core Accumulation Fund,混合資產基金 - 預設投資策略-核心累積基金,Allianz MPF Core Accumulation Fund - Class T,安聯強積金核心累積基金 - 單位T,T,2017-04-01
310,MNLF,Manulife,宏利,RC,Manulife RetireChoice (MPF) Scheme,宏利退休精選（強積金）計劃,MIX_DIS_CAF,Mixed Assets Fund - Default Investment Strategy - Core Accumulation Fund,混合資產基金 - 預設投資策略-核心累積基金,Allianz MPF Core Accumulation Fund (No automatic de-risking features) - Class A,安聯強積金核心累積基金 - 單位A,A,2017-04-01
311,MNLF,Manulife,宏利,RC,Manulife RetireChoice (MPF) Scheme,宏利退休精選（強積金）計劃,MIX_DIS_CAF,Mixed Assets Fund - Default Investment Strategy - Core Accumulation Fund,混合資產基金 - 預設投資策略-核心累積基金,Allianz MPF Core Accumulation Fund (No automatic de-risking features) - Class B,安聯強積金核心累積基金 - 單位A,B,2017-04-01
312,MNLF,Manulife,宏利,RC,Manulife RetireChoice (MPF) Scheme,宏利退休精選（強積金）計劃,MIX_DIS_CAF,Mixed Assets Fund - Default Investment Strategy - Core Accumulation Fund,混合資產基金 - 預設投資策略-核心累積基金,Allianz MPF Core Accumulation Fund (No automatic de-risking features) - Class T,安聯強積金核心累積基金 - 單位A,T,2017-04-01
313,MNLF,Manulife,宏利,GS,Manulife Global Select (MPF) Scheme,宏利環球精選（強積金）計劃,GUAR,Guaranteed Fund,保證基金,Manulife MPF Interest Fund,宏利 MPF 利息基金,,2000-12-01
314,MNLF,Manulife,宏利,GS,Manulife Global Select (MPF) Scheme,宏利環球精選（強積金）計劃,MIX_DIS_CAF,Mixed Assets Fund - Default Investment Strategy - Core Accumulation Fund,混合資產基金 - 預設投資策略-核心累積基金,Manulife MPF Core Accumulation Fund,宏利 MPF 核心累積基金,,2017-04-01
315,MNLF,Manulife,宏利,GS,Manulife Global Select (MPF) Scheme,宏利環球精選（強積金）計劃,MIX_DIS_65,Mixed Assets Fund - Default Investment Strategy - Age 65 Plus Fund,混合資產基金 - 預設投資策略-65歲後基金,Manulife MPF Age 65 Plus Fund,宏利 MPF 65歲後基金,,2017-04-01
316,MNLF,Manulife,宏利,RC,Manulife RetireChoice (MPF) Scheme,宏利退休精選（強積金）計劃,MIX_61_80,Mixed Assets Fund - 61% to 80% Equity,混合資產基金 - 61% 至 80% 股票,Allianz Balanced Fund - Class A,安聯均衡基金 - 單位A,A,2001-02-07
317,MNLF,Manulife,宏利,RC,Manulife RetireChoice (MPF) Scheme,宏利退休精選（強積金）計劃,MIX_61_80,Mixed Assets Fund - 61% to 80% Equity,混合資產基金 - 61% 至 80% 股票,Allianz Balanced Fund - Class B,安聯均衡基金 - 單位B,B,2001-02-02
318,MNLF,Manulife,宏利,RC,Manulife RetireChoice (MPF) Scheme,宏利退休精選（強積金）計劃,MIX_61_80,Mixed Assets Fund - 61% to 80% Equity,混合資產基金 - 61% 至 80% 股票,Allianz Balanced Fund - Class T,安聯均衡基金 - 單位T,T,2000-12-08
319,MNLF,Manulife,宏利,RC,Manulife RetireChoice (MPF) Scheme,宏利退休精選（強積金）計劃,MIX_21_40,Mixed Assets Fund - 21% to 40% Equity,混合資產基金 - 21% 至 40% 股票,Allianz Capital Stable Fund - Class A,安聯穩定資本基金 - 單位A,A,2001-02-07
320,MNLF,Manulife,宏利,RC,Manulife RetireChoice (MPF) Scheme,宏利退休精選（強積金）計劃,MIX_21_40,Mixed Assets Fund - 21% to 40% Equity,混合資產基金 - 21% 至 40% 股票,Allianz Capital Stable Fund - Class B,安聯穩定資本基金 - 單位B,B,2001-02-02
321,MNLF,Manulife,宏利,RC,Manulife RetireChoice (MPF) Scheme,宏利退休精選（強積金）計劃,MIX_21_40,Mixed Assets Fund - 21% to 40% Equity,混合資產基金 - 21% 至 40% 股票,Allianz Capital Stable Fund - Class T,安聯穩定資本基金 - 單位T,T,2000-12-11
322,MNLF,Manulife,宏利,RC,Manulife RetireChoice (MPF) Scheme,宏利退休精選（強積金）計劃,MIX_81_100,Mixed Assets Fund - 81% to 100% Equity,混合資產基金 - 81% 至 100% 股票,Allianz Growth Fund - Class A,安聯增長基金 - 單位A,A,2001-02-07
323,MNLF,Manulife,宏利,RC,Manulife RetireChoice (MPF) Scheme,宏利退休精選（強積金）計劃,MIX_81_100,Mixed Assets Fund - 81% to 100% Equity,混合資產基金 - 81% 至 100% 股票,Allianz Growth Fund - Class B,安聯增長基金 - 單位B,B,2001-02-02
324,MNLF,Manulife,宏利,RC,Manulife RetireChoice (MPF) Scheme,宏利退休精選（強積金）計劃,MIX_81_100,Mixed Assets Fund - 81% to 100% Equity,混合資產基金 - 81% 至 100% 股票,Allianz Growth Fund - Class T,安聯增長基金 - 單位T,T,2000-12-08
325,MNLF,Manulife,宏利,RC,Manulife RetireChoice (MPF) Scheme,宏利退休精選（強積金）計劃,EQ_ASIA,Equity Fund - Asia Equity Fund,股票基金 - 亞洲股票基金,Allianz Asian Fund - Class A,安聯亞洲基金 - 單位A,A,2004-08-31
326,MNLF,Manulife,宏利,RC,Manulife RetireChoice (MPF) Scheme,宏利退休精選（強積金）計劃,EQ_ASIA,Equity Fund - Asia Equity Fund,股票基金 - 亞洲股票基金,Allianz Asian Fund - Class B,安聯亞洲基金 - 單位B,B,2004-08-04
327,MNLF,Manulife,宏利,RC,Manulife RetireChoice (MPF) Scheme,宏利退休精選（強積金）計劃,EQ_ASIA,Equity Fund - Asia Equity Fund,股票基金 - 亞洲股票基金,Allianz Asian Fund - Class T,安聯亞洲基金 - 單位T,T,2004-08-04
328,MNLF,Manulife,宏利,RC,Manulife RetireChoice (MPF) Scheme,宏利退休精選（強積金）計劃,MM_OTH,Money Market Fund - Other than MPF Conservative Fund,貨幣市場基金 - 不包括強積金保守基金,Allianz RMB Money Market Fund - Class A,安聯人民幣貨幣市場基金 - 單位A,A,2013-10-07
329,MNLF,Manulife,宏利,RC,Manulife RetireChoice (MPF) Scheme,宏利退休精選（強積金）計劃,MM_OTH,Money Market Fund - Other than MPF Conservative Fund,貨幣市場基金 - 不包括強積金保守基金,Allianz RMB Money Market Fund - Class B,安聯人民幣貨幣市場基金 - 單位B,B,2013-10-04
330,MNLF,Manulife,宏利,RC,Manulife RetireChoice (MPF) Scheme,宏利退休精選（強積金）計劃,MM_OTH,Money Market Fund - Other than MPF Conservative Fund,貨幣市場基金 - 不包括強積金保守基金,Allianz RMB Money Market Fund - Class T,安聯人民幣貨幣市場基金 - 單位T,T,2013-10-04
331,MNLF,Manulife,宏利,RC,Manulife RetireChoice (MPF) Scheme,宏利退休精選（強積金）計劃,EQ_HK,Equity Fund - Hong Kong Equity Fund,股票基金 - 香港股票基金,Allianz Hong Kong Fund - Class A,安聯香港基金 - 單位A,A,2004-08-31
332,MNLF,Manulife,宏利,RC,Manulife RetireChoice (MPF) Scheme,宏利退休精選（強積金）計劃,EQ_HK,Equity Fund - Hong Kong Equity Fund,股票基金 - 香港股票基金,Allianz Hong Kong Fund - Class B,安聯香港基金 - 單位B,B,2004-08-04
333,MNLF,Manulife,宏利,RC,Manulife RetireChoice (MPF) Scheme,宏利退休精選（強積金）計劃,EQ_HK,Equity Fund - Hong Kong Equity Fund,股票基金 - 香港股票基金,Allianz Hong Kong Fund - Class T,安聯香港基金 - 單位T,T,2004-08-04
334,MNLF,Manulife,宏利,RC,Manulife RetireChoice (MPF) Scheme,宏利退休精選（強積金）計劃,MM_MPFCON,Money Market Fund - MPF Conservative Fund,貨幣市場基金 - 強積金保守基金,Allianz MPF Conservative Fund - Class A,安聯強積金保守基金 - 單位A,A,2001-02-07
335,MNLF,Manulife,宏利,RC,Manulife RetireChoice (MPF) Scheme,宏利退休精選（強積金）計劃,MM_MPFCON,Money Market Fund - MPF Conservative Fund,貨幣市場基金 - 強積金保守基金,Allianz MPF Conservative Fund - Class B,安聯強積金保守基金 - 單位B,B,2001-02-02
336,MNLF,Manulife,宏利,RC,Manulife RetireChoice (MPF) Scheme,宏利退休精選（強積金）計劃,MM_MPFCON,Money Market Fund - MPF Conservative Fund,貨幣市場基金 - 強積金保守基金,Allianz MPF Conservative Fund - Class T,安聯強積金保守基金 - 單位T,T,2000-12-11
337,MNLF,Manulife,宏利,RC,Manulife RetireChoice (MPF) Scheme,宏利退休精選（強積金）計劃,MIX_OTH,Mixed Assets Fund - Uncategorized Mixed Asset Fund,混合資產基金 - 未分類混合資產基金,Allianz Flexi Balanced Fund - Class A,安聯靈活均衡基金 - 單位A,A,2004-08-31
338,MNLF,Manulife,宏利,RC,Manulife RetireChoice (MPF) Scheme,宏利退休精選（強積金）計劃,MIX_OTH,Mixed Assets Fund - Uncategorized Mixed Asset Fund,混合資產基金 - 未分類混合資產基金,Allianz Flexi Balanced Fund - Class B,安聯靈活均衡基金 - 單位B,B,2004-08-09
339,MNLF,Manulife,宏利,RC,Manulife RetireChoice (MPF) Scheme,宏利退休精選（強積金）計劃,MIX_OTH,Mixed Assets Fund - Uncategorized Mixed Asset Fund,混合資產基金 - 未分類混合資產基金,Allianz Flexi Balanced Fund - Class T,安聯靈活均衡基金 - 單位T,T,2004-08-09
340,MNLF,Manulife,宏利,RC,Manulife RetireChoice (MPF) Scheme,宏利退休精選（強積金）計劃,MIX_41_60,Mixed Assets Fund - 41% to 60% Equity,混合資產基金 - 41% 至 60% 股票,Allianz Stable Growth Fund - Class A,安聯穩定增長基金 - 單位A,A,2001-02-07
341,MNLF,Manulife,宏利,RC,Manulife RetireChoice (MPF) Scheme,宏利退休精選（強積金）計劃,MIX_41_60,Mixed Assets Fund - 41% to 60% Equity,混合資產基金 - 41% 至 60% 股票,Allianz Stable Growth Fund - Class B,安聯穩定增長基金 - 單位B,B,2001-02-02
342,MNLF,Manulife,宏利,RC,Manulife RetireChoice (MPF) Scheme,宏利退休精選（強積金）計劃,MIX_41_60,Mixed Assets Fund - 41% to 60% Equity,混合資產基金 - 41% 至 60% 股票,Allianz Stable Growth Fund - Class T,安聯穩定增長基金 - 單位T,T,2000-12-08
343,MNLF,Manulife,宏利,RC,Manulife RetireChoice (MPF) Scheme,宏利退休精選（強積金）計劃,MIX_OTH,Mixed Assets Fund - Uncategorized Mixed Asset Fund,混合資產基金 - 未分類混合資產基金,Allianz Oriental Pacific Fund - Class A,安聯東方太平洋基金 - 單位A,A,2011-10-31
344,MNLF,Manulife,宏利,RC,Manulife RetireChoice (MPF) Scheme,宏利退休精選（強積金）計劃,MIX_OTH,Mixed Assets Fund - Uncategorized Mixed Asset Fund,混合資產基金 - 未分類混合資產基金,Allianz Oriental Pacific Fund - Class B,安聯東方太平洋基金 - 單位B,B,2011-10-04
345,MNLF,Manulife,宏利,RC,Manulife RetireChoice (MPF) Scheme,宏利退休精選（強積金）計劃,MIX_OTH,Mixed Assets Fund - Uncategorized Mixed Asset Fund,混合資產基金 - 未分類混合資產基金,Allianz Oriental Pacific Fund - Class T,安聯東方太平洋基金 - 單位T,T,2011-10-04
346,MNLF,Manulife,宏利,RC,Manulife RetireChoice (MPF) Scheme,宏利退休精選（強積金）計劃,EQ_GCHNA,Equity Fund - Greater China Equity Fund,股票基金 - 大中華股票基金,Allianz Greater China Fund - Class A,安聯大中華基金 - 單位A,A,2011-11-01
347,MNLF,Manulife,宏利,RC,Manulife RetireChoice (MPF) Scheme,宏利退休精選（強積金）計劃,EQ_GCHNA,Equity Fund - Greater China Equity Fund,股票基金 - 大中華股票基金,Allianz Greater China Fund - Class B,安聯大中華基金 - 單位B,B,2011-10-04
348,MNLF,Manulife,宏利,RC,Manulife RetireChoice (MPF) Scheme,宏利退休精選（強積金）計劃,EQ_GCHNA,Equity Fund - Greater China Equity Fund,股票基金 - 大中華股票基金,Allianz Greater China Fund - Class T,安聯大中華基金 - 單位T,T,2011-10-03
349,MNLF,Manulife,宏利,GS,Manulife Global Select (MPF) Scheme,宏利環球精選（強積金）計劃,GUAR,Guaranteed Fund,保證基金,Manulife MPF Stable Fund,宏利 MPF 穩健基金,,2000-12-01
350,MNLF,Manulife,宏利,GS,Manulife Global Select (MPF) Scheme,宏利環球精選（強積金）計劃,MIX_61_80,Mixed Assets Fund - 61% to 80% Equity,混合資產基金 - 61% 至 80% 股票,Manulife MPF Growth Fund,宏利 MPF 富達增長基金,,2003-09-01
351,MNLF,Manulife,宏利,GS,Manulife Global Select (MPF) Scheme,宏利環球精選（強積金）計劃,MIX_81_100,Mixed Assets Fund - 81% to 100% Equity,混合資產基金 - 81% 至 100% 股票,Manulife MPF Aggressive Fund,宏利 MPF 進取基金,,2000-12-01
352,MNLF,Manulife,宏利,GS,Manulife Global Select (MPF) Scheme,宏利環球精選（強積金）計劃,MM_MPFCON,Money Market Fund - MPF Conservative Fund,貨幣市場基金 - 強積金保守基金,Manulife MPF Conservative Fund,宏利 MPF 保守基金,,2000-12-01
353,MNLF,Manulife,宏利,GS,Manulife Global Select (MPF) Scheme,宏利環球精選（強積金）計劃,EQ_HK,Equity Fund - Hong Kong Equity Fund,股票基金 - 香港股票基金,Manulife MPF Hong Kong Equity Fund,宏利 MPF 香港股票基金,,2000-12-01
354,MNLF,Manulife,宏利,GS,Manulife Global Select (MPF) Scheme,宏利環球精選（強積金）計劃,EQ_GLOB,Equity Fund - Global Equity Fund,股票基金 - 環球股票基金,Manulife MPF International Equity Fund,宏利 MPF 國際股票基金,,2000-12-01
355,MNLF,Manulife,宏利,GS,Manulife Global Select (MPF) Scheme,宏利環球精選（強積金）計劃,EQ_ASIA,Equity Fund - Asia Equity Fund,股票基金 - 亞洲股票基金,Manulife MPF Pacific Asia Equity Fund,宏利 MPF 亞太股票基金,,2000-12-01
356,MNLF,Manulife,宏利,GS,Manulife Global Select (MPF) Scheme,宏利環球精選（強積金）計劃,EQ_EUR,Equity Fund - Europe Equity Fund,股票基金 - 歐洲股票基金,Manulife MPF European Equity Fund,宏利 MPF 歐洲股票基金,,2000-12-01
357,MNLF,Manulife,宏利,GS,Manulife Global Select (MPF) Scheme,宏利環球精選（強積金）計劃,EQ_US,Equity Fund - United States Equity Fund,股票基金 - 美國股票基金,Manulife MPF North American Equity Fund,宏利 MPF 北美股票基金,,2000-12-01
358,MNLF,Manulife,宏利,GS,Manulife Global Select (MPF) Scheme,宏利環球精選（強積金）計劃,EQ_JPN,Equity Fund - Japan Equity Fund,股票基金 - 日本股票基金,Manulife MPF Japan Equity Fund,宏利 MPF 日本股票基金,,2000-12-01
359,MNLF,Manulife,宏利,GS,Manulife Global Select (MPF) Scheme,宏利環球精選（強積金）計劃,BOND_HKD,Bond Fund - Hong Kong Dollar Bond Fund,債券基金 - 港元債券基金,Manulife MPF Hong Kong Bond Fund,宏利 MPF 香港債券基金,,2000-12-01
360,MNLF,Manulife,宏利,GS,Manulife Global Select (MPF) Scheme,宏利環球精選（強積金）計劃,BOND_GLOB,Bond Fund - Global Bond Fund,債券基金 - 環球債券基金,Manulife MPF International Bond Fund,宏利 MPF 國際債券基金,,2000-12-01
361,MNLF,Manulife,宏利,GS,Manulife Global Select (MPF) Scheme,宏利環球精選（強積金）計劃,MIX_81_100,Mixed Assets Fund - 81% to 100% Equity,混合資產基金 - 81% 至 100% 股票,Manulife MPF Fidelity Growth Fund,宏利 MPF 增長基金,,2000-12-01
362,MNLF,Manulife,宏利,GS,Manulife Global Select (MPF) Scheme,宏利環球精選（強積金）計劃,MIX_41_60,Mixed Assets Fund - 41% to 60% Equity,混合資產基金 - 41% 至 60% 股票,Manulife MPF Fidelity Stable Growth Fund,宏利 MPF 富達平穩增長基金,,2003-09-01
363,MNLF,Manulife,宏利,GS,Manulife Global Select (MPF) Scheme,宏利環球精選（強積金）計劃,EQ_GCHNA,Equity Fund - Greater China Equity Fund,股票基金 - 大中華股票基金,Manulife MPF China Value Fund,宏利 MPF 中華威力基金,,2006-02-01
364,MNLF,Manulife,宏利,GS,Manulife Global Select (MPF) Scheme,宏利環球精選（強積金）計劃,EQ_OTH,Equity Fund - Uncategorized Equity Fund,股票基金 - 未分類股票基金,Manulife MPF Healthcare Fund,宏利 MPF 康健護理基金,,2008-04-02
365,MNLF,Manulife,宏利,GS,Manulife Global Select (MPF) Scheme,宏利環球精選（強積金）計劃,MIX_41_60,Mixed Assets Fund - 41% to 60% Equity,混合資產基金 - 41% 至 60% 股票,Manulife MPF Smart Retirement Fund,宏利 MPF 智優裕退休基金,,2011-02-21
366,MNLF,Manulife,宏利,GS,Manulife Global Select (MPF) Scheme,宏利環球精選（強積金）計劃,MIX_OTH,Mixed Assets Fund - Uncategorized Mixed Asset Fund,混合資產基金 - 未分類混合資產基金,Manulife MPF 2025 Retirement Fund,宏利 MPF 2025 退休基金,,2011-02-21
367,MNLF,Manulife,宏利,GS,Manulife Global Select (MPF) Scheme,宏利環球精選（強積金）計劃,MIX_OTH,Mixed Assets Fund - Uncategorized Mixed Asset Fund,混合資產基金 - 未分類混合資產基金,Manulife MPF 2030 Retirement Fund,宏利 MPF 2030 退休基金,,2011-02-21
368,MNLF,Manulife,宏利,GS,Manulife Global Select (MPF) Scheme,宏利環球精選（強積金）計劃,MIX_OTH,Mixed Assets Fund - Uncategorized Mixed Asset Fund,混合資產基金 - 未分類混合資產基金,Manulife MPF 2035 Retirement Fund,宏利 MPF 2035 退休基金,,2011-02-21
369,MNLF,Manulife,宏利,GS,Manulife Global Select (MPF) Scheme,宏利環球精選（強積金）計劃,MIX_OTH,Mixed Assets Fund - Uncategorized Mixed Asset Fund,混合資產基金 - 未分類混合資產基金,Manulife MPF 2040 Retirement Fund,宏利 MPF 2040 退休基金,,2011-02-21
370,MNLF,Manulife,宏利,GS,Manulife Global Select (MPF) Scheme,宏利環球精選（強積金）計劃,MIX_OTH,Mixed Assets Fund - Uncategorized Mixed Asset Fund,混合資產基金 - 未分類混合資產基金,Manulife MPF 2045 Retirement Fund,宏利 MPF 2045 退休基金,,2011-02-21
371,MNLF,Manulife,宏利,GS,Manulife Global Select (MPF) Scheme,宏利環球精選（強積金）計劃,EQ_HK_IDX,Equity Fund - Hong Kong Equity Fund (Index Tracking),股票基金 - 香港股票基金（追蹤指數）,Manulife MPF Hang Seng Index ESG Fund,宏利 MPF 恒指ESG基金,,2012-04-23
372,MNLF,Manulife,宏利,GS,Manulife Global Select (MPF) Scheme,宏利環球精選（強積金）計劃,BOND_ASIA,Bond Fund - Asia Bond Fund,債券基金 - 亞洲債券基金,Manulife MPF Sustainable Pacific Asia Bond Fund,宏利 MPF 可持續亞太債券基金,,2012-04-23
373,MNLF,Manulife,宏利,GS,Manulife Global Select (MPF) Scheme,宏利環球精選（強積金）計劃,BOND_RMB,Bond Fund - RMB Bond Fund,債券基金 - 人民幣債券基金,Manulife MPF RMB Bond Fund,宏利 MPF 人民幣債券基金,,2013-12-16
374,MNLF,Manulife,宏利,GS,Manulife Global Select (MPF) Scheme,宏利環球精選（強積金）計劃,MIX_DIS_CAF,Mixed Assets Fund - Default Investment Strategy - Core Accumulation Fund,混合資產基金 - 預設投資策略-核心累積基金,Manulife MPF Core Accumulation Fund,宏利 MPF 核心累積基金,,2017-04-01
375,MNLF,Manulife,宏利,GS,Manulife Global Select (MPF) Scheme,宏利環球精選（強積金）計劃,MIX_DIS_65,Mixed Assets Fund - Default Investment Strategy - Age 65 Plus Fund,混合資產基金 - 預設投資策略-65歲後基金,Manulife MPF Age 65 Plus Fund,宏利 MPF 65歲後基金,,2017-04-01
376,MNLF,Manulife,宏利,GS,Manulife Global Select (MPF) Scheme,宏利環球精選（強積金）計劃,MIX_OTH,Mixed Assets Fund - Uncategorized Mixed Asset Fund,混合資產基金 - 未分類混合資產基金,Manulife MPF Retirement Income Fund,宏利 MPF 退休收益基金,,2020-09-21
401,SUNL,Sun Life,永明,RL,Sun Life Rainbow MPF Scheme,永明彩虹強積金計劃,MM_MPFCON,Money Market Fund - MPF Conservative Fund,貨幣市場基金 - 強積金保守基金,Sun Life MPF Conservative Fund - Class A,永明強積金保守基金 - A類,A,2000-12-01
402,SUNL,Sun Life,永明,RL,Sun Life Rainbow MPF Scheme,永明彩虹強積金計劃,MM_MPFCON,Money Market Fund - MPF Conservative Fund,貨幣市場基金 - 強積金保守基金,Sun Life MPF Conservative Fund - Class B,永明強積金保守基金 - B類,B,2000-12-01
403,SUNL,Sun Life,永明,RL,Sun Life Rainbow MPF Scheme,永明彩虹強積金計劃,BOND_HKD,Bond Fund - Hong Kong Dollar Bond Fund,債券基金 - 港元債券基金,Sun Life MPF Hong Kong Dollar Bond Fund - Class A,永明強積金港元債券基金 - A類,A,2000-12-01
404,SUNL,Sun Life,永明,RL,Sun Life Rainbow MPF Scheme,永明彩虹強積金計劃,BOND_HKD,Bond Fund - Hong Kong Dollar Bond Fund,債券基金 - 港元債券基金,Sun Life MPF Hong Kong Dollar Bond Fund - Class B,永明強積金港元債券基金 - B類,B,2000-12-01
405,SUNL,Sun Life,永明,RL,Sun Life Rainbow MPF Scheme,永明彩虹強積金計劃,MIX_21_40,Mixed Assets Fund - 21% to 40% Equity,混合資產基金 - 21% 至 40% 股票,Sun Life MPF Stable Fund - Class A,永明強積金平穩基金 - A類,A,2000-12-01
406,SUNL,Sun Life,永明,RL,Sun Life Rainbow MPF Scheme,永明彩虹強積金計劃,MIX_21_40,Mixed Assets Fund - 21% to 40% Equity,混合資產基金 - 21% 至 40% 股票,Sun Life MPF Stable Fund - Class B,永明強積金平穩基金 - B類,B,2000-12-01
407,SUNL,Sun Life,永明,RL,Sun Life Rainbow MPF Scheme,永明彩虹強積金計劃,MIX_41_60,Mixed Assets Fund - 41% to 60% Equity,混合資產基金 - 41% 至 60% 股票,Sun Life MPF Balanced Fund - Class A,永明強積金均衡基金 - A類,A,2000-12-01
408,SUNL,Sun Life,永明,RL,Sun Life Rainbow MPF Scheme,永明彩虹強積金計劃,MIX_41_60,Mixed Assets Fund - 41% to 60% Equity,混合資產基金 - 41% 至 60% 股票,Sun Life MPF Balanced Fund - Class B,永明強積金均衡基金 - B類,B,2000-12-01
409,SUNL,Sun Life,永明,RL,Sun Life Rainbow MPF Scheme,永明彩虹強積金計劃,MIX_61_80,Mixed Assets Fund - 61% to 80% Equity,混合資產基金 - 61% 至 80% 股票,Sun Life MPF Growth Fund - Class A,永明強積金增長基金 - A類,A,2000-12-01
410,SUNL,Sun Life,永明,RL,Sun Life Rainbow MPF Scheme,永明彩虹強積金計劃,MIX_61_80,Mixed Assets Fund - 61% to 80% Equity,混合資產基金 - 61% 至 80% 股票,Sun Life MPF Growth Fund - Class B,永明強積金增長基金 - B類,B,2000-12-01
411,SUNL,Sun Life,永明,RL,Sun Life Rainbow MPF Scheme,永明彩虹強積金計劃,EQ_HK,Equity Fund - Hong Kong Equity Fund,股票基金 - 香港股票基金,Sun Life MPF Hong Kong Equity Fund - Class A,永明強積金香港股票基金 - A類,A,2000-12-01
412,SUNL,Sun Life,永明,RL,Sun Life Rainbow MPF Scheme,永明彩虹強積金計劃,EQ_HK,Equity Fund - Hong Kong Equity Fund,股票基金 - 香港股票基金,Sun Life MPF Hong Kong Equity Fund - Class B,永明強積金香港股票基金 - B類,B,2000-12-01
413,SUNL,Sun Life,永明,RL,Sun Life Rainbow MPF Scheme,永明彩虹強積金計劃,EQ_GLOB,Equity Fund - Global Equity Fund,股票基金 - 環球股票基金,Sun Life MPF Multi-Sector Equity Fund - Class A,永明強積金行業股票基金 - A類,A,2008-03-01
414,SUNL,Sun Life,永明,RL,Sun Life Rainbow MPF Scheme,永明彩虹強積金計劃,EQ_GLOB,Equity Fund - Global Equity Fund,股票基金 - 環球股票基金,Sun Life MPF Multi-Sector Equity Fund - Class B,永明強積金行業股票基金 - B類,B,2008-03-01
415,SUNL,Sun Life,永明,RL,Sun Life Rainbow MPF Scheme,永明彩虹強積金計劃,EQ_ASIA,Equity Fund - Asia Equity Fund,股票基金 - 亞洲股票基金,Sun Life MPF Asian Equity Fund - Class A,永明強積金亞洲股票基金 - A類,A,2008-03-01
416,SUNL,Sun Life,永明,RL,Sun Life Rainbow MPF Scheme,永明彩虹強積金計劃,EQ_ASIA,Equity Fund - Asia Equity Fund,股票基金 - 亞洲股票基金,Sun Life MPF Asian Equity Fund - Class B,永明強積金亞洲股票基金 - B類,B,2008-03-01
417,SUNL,Sun Life,永明,RL,Sun Life Rainbow MPF Scheme,永明彩虹強積金計劃,EQ_GCHNA,Equity Fund - Greater China Equity Fund,股票基金 - 大中華股票基金,Sun Life MPF Greater China Equity Fund - Class A,永明強積金大中華股票基金 - A類,A,2008-03-01
418,SUNL,Sun Life,永明,RL,Sun Life Rainbow MPF Scheme,永明彩虹強積金計劃,EQ_GCHNA,Equity Fund - Greater China Equity Fund,股票基金 - 大中華股票基金,Sun Life MPF Greater China Equity Fund - Class B,永明強積金大中華股票基金 - B類,B,2008-03-01
419,SUNL,Sun Life,永明,RL,Sun Life Rainbow MPF Scheme,永明彩虹強積金計劃,BOND_GLOB,Bond Fund - Global Bond Fund,債券基金 - 環球債券基金,Sun Life MPF Global Bond Fund - Class A,永明強積金環球債券基金 - A類,A,2010-01-01
420,SUNL,Sun Life,永明,RL,Sun Life Rainbow MPF Scheme,永明彩虹強積金計劃,BOND_GLOB,Bond Fund - Global Bond Fund,債券基金 - 環球債券基金,Sun Life MPF Global Bond Fund - Class B,永明強積金環球債券基金 - B類,B,2010-01-01
421,SUNL,Sun Life,永明,RL,Sun Life Rainbow MPF Scheme,永明彩虹強積金計劃,MM_OTH,Money Market Fund - Other than MPF Conservative Fund,貨幣市場基金 - 不包括強積金保守基金,Sun Life MPF RMB and HKD Fund - Class A,永明強積金人民幣及港元基金 - A類,A,2012-06-30
422,SUNL,Sun Life,永明,RL,Sun Life Rainbow MPF Scheme,永明彩虹強積金計劃,MM_OTH,Money Market Fund - Other than MPF Conservative Fund,貨幣市場基金 - 不包括強積金保守基金,Sun Life MPF RMB and HKD Fund - Class B,永明強積金人民幣及港元基金 - B類,B,2012-06-30
423,SUNL,Sun Life,永明,RL,Sun Life Rainbow MPF Scheme,永明彩虹強積金計劃,EQ_HK_IDX,Equity Fund - Hong Kong Equity Fund (Index Tracking),股票基金 - 香港股票基金（追蹤指數）,Sun Life FTSE MPF Hong Kong Index Fund - Class A,永明富時強積金香港指數基金 - A類,A,2013-12-10
424,SUNL,Sun Life,永明,RL,Sun Life Rainbow MPF Scheme,永明彩虹強積金計劃,EQ_HK_IDX,Equity Fund - Hong Kong Equity Fund (Index Tracking),股票基金 - 香港股票基金（追蹤指數）,Sun Life FTSE MPF Hong Kong Index Fund - Class B,永明富時強積金香港指數基金 - B類,B,2013-12-10
425,SUNL,Sun Life,永明,RL,Sun Life Rainbow MPF Scheme,永明彩虹強積金計劃,MIX_DIS_CAF,Mixed Assets Fund - Default Investment Strategy - Core Accumulation Fund,混合資產基金 - 預設投資策略-核心累積基金,Sun Life MPF Core Accumulation Fund,永明強積金核心累積基金,,2017-04-01
426,SUNL,Sun Life,永明,RL,Sun Life Rainbow MPF Scheme,永明彩虹強積金計劃,MIX_DIS_65,Mixed Assets Fund - Default Investment Strategy - Age 65 Plus Fund,混合資產基金 - 預設投資策略-65歲後基金,Sun Life MPF Age 65 Plus Fund,永明強積金65歲後基金,,2017-04-01
427,SUNL,Sun Life,永明,RL,Sun Life Rainbow MPF Scheme,永明彩虹強積金計劃,EQ_GLOB,Equity Fund - Global Equity Fund,股票基金 - 環球股票基金,Sun Life MPF Global Low Carbon Index Fund,永明強積金環球低碳指數基金,,2023-06-05
428,SUNL,Sun Life,永明,RL,Sun Life Rainbow MPF Scheme,永明彩虹強積金計劃,EQ_EUR,Equity Fund - Europe Equity Fund,股票基金 - 歐洲股票基金,Sun Life MPF European Equity Fund,永明強積金歐洲股票基金,,2023-06-05
429,SUNL,Sun Life,永明,RL,Sun Life Rainbow MPF Scheme,永明彩虹強積金計劃,EQ_US,Equity Fund - United States Equity Fund,股票基金 - 美國股票基金,Sun Life MPF US Equity Fund,永明強積金美國股票基金,,2023-06-05
430,SUNL,Sun Life,永明,RL,Sun Life Rainbow MPF Scheme,永明彩虹強積金計劃,EQ_OTH,Equity Fund - Uncategorized Equity Fund,股票基金 - 未分類股票基金,Sun Life MPF US & Hong Kong Equity Fund,永明強積金美國及香港股票基金,,2023-11-29
431,SUNL,Sun Life,永明,RL,Sun Life Rainbow MPF Scheme,永明彩虹強積金計劃,MIX_OTH,Mixed Assets Fund - Uncategorized Mixed Asset Fund,混合資產基金 - 未分類混合資產基金,Sun Life MPF Income Fund,永明強積金收益基金,,2025-02-17
901,PRIN,PRIN,信安,SP,Principal MPF - Smart Plan,信安強積金—明智之選,EQ_HK,Equity Fund - Hong Kong Equity Fund,股票基金 - 香港股票基金,Principal Dynamic Hong Kong Equity Fund,信安動力香港股票基金,NA1,2011-01-10
902,PRIN,PRIN,信安,SP,Principal MPF - Smart Plan,信安強積金—明智之選,MIX_21_40,Mixed Assets Fund - 21% to 40% Equity,混合資產基金 - 21% 至 40% 股票,Principal Stable Fund,信安平穩基金,NA1,2000-12-01
903,PRIN,PRIN,信安,SP,Principal MPF - Smart Plan,信安強積金—明智之選,MIX_81_100,Mixed Assets Fund - 81% to 100% Equity,混合資產基金 - 81% 至 100% 股票,Principal Growth Fund,信安增長基金,NA1,2000-12-01
904,PRIN,PRIN,信安,SP,Principal MPF - Smart Plan,信安強積金—明智之選,EQ_GCHNA,Equity Fund - Greater China Equity Fund,股票基金 - 大中華股票基金,Principal Dynamic Greater China Equity Fund,信安動力大中華股票基金,NA1,2012-08-13
905,PRIN,PRIN,信安,SP,Principal MPF - Smart Plan,信安強積金—明智之選,EQ_HK_IDX,Equity Fund - Hong Kong Equity Fund (Index Tracking),股票基金 - 香港股票基金（追蹤指數）,Principal - Hang Seng Index Tracking Fund,信安 - 恒指基金,NA1,2014-11-03
906,PRIN,PRIN,信安,SP,Principal MPF - Smart Plan,信安強積金—明智之選,EQ_GLOB,Equity Fund - Global Equity Fund,股票基金 - 環球股票基金,Principal Dynamic Global Equity Fund,信安動力環球股票基金,NA1,2000-12-01
907,PRIN,PRIN,信安,SP,Principal MPF - Smart Plan,信安強積金—明智之選,BOND_GLOB,Bond Fund - Global Bond Fund,債券基金 - 環球債券基金,Principal Dynamic Global Bond Fund,信安動力環球債券基金,NA1,2011-01-10
908,PRIN,PRIN,信安,SP,Principal MPF - Smart Plan,信安強積金—明智之選,MIX_21_40,Mixed Assets Fund - 21% to 40% Equity,混合資產基金 - 21% 至 40% 股票,Principal Stable Fund,信安平穩基金,NA1,2000-12-01
909,PRIN,PRIN,信安,SP,Principal MPF - Smart Plan,信安強積金—明智之選,MIX_DIS_65,Mixed Assets Fund - Default Investment Strategy - Age 65 Plus Fund,混合資產基金 - 預設投資策略-65歲後基金,Principal Age 65 Plus Fund,信安65 歲後基金,NA1,2017-04-01
910,PRIN,PRIN,信安,SP,Principal MPF - Smart Plan,信安強積金—明智之選,MIX_61_80,Mixed Assets Fund - 61% to 80% Equity,混合資產基金 - 61% 至 80% 股票,Principal Balanced Fund,信安均衡基金,NA1,2000-12-01
911,PRIN,PRIN,信安,SP,Principal MPF - Smart Plan,信安強積金—明智之選,MIX_DIS_CAF,Mixed Assets Fund - Default Investment Strategy - Core Accumulation Fund,混合資產基金 - 預設投資策略-核心累積基金,Principal Core Accumulation Fund,信安核心累積基金,NA1,2017-04-01
912,PRIN,PRIN,信安,SP,Principal MPF - Smart Plan,信安強積金—明智之選,BOND_ASIA,Bond Fund - Asia Bond Fund,債券基金 - 亞洲債券基金,Principal Dynamic Asian Bond Fund,信安動力亞洲債券基金,NA1,2012-08-13
913,PRIN,PRIN,信安,SP,Principal MPF - Smart Plan,信安強積金—明智之選,MM_OTH,Money Market Fund - Other than MPF Conservative Fund,貨幣市場基金 - 不包括強積金保守基金,Principal Cash Fund,信安流動基金,NA1,2000-12-01
914,PRIN,PRIN,信安,SP,Principal MPF - Smart Plan,信安強積金—明智之選,EQ_ASIA,Equity Fund - Asia Equity Fund,股票基金 - 亞洲股票基金,Principal Dynamic Asia Pacific Equity Fund,信安動力亞太股票基金,NA1,2011-01-10
915,PRIN,PRIN,信安,SP,Principal MPF - Smart Plan,信安強積金—明智之選,MM_MPFCON,Money Market Fund - MPF Conservative Fund,貨幣市場基金 - 強積金保守基金,Principal - MPF Conservative Fund,信安 - 強積金保守基金,NA1,2000-12-01
916,PRIN,PRIN,信安,SI,Principal MPF - Simple Plan,信安強積金—易富之選,EQ_HK,Equity Fund - Hong Kong Equity Fund,股票基金 - 香港股票基金,Principal Dynamic Hong Kong Equity Fund,信安動力香港股票基金,NA1,2005-01-20
917,PRIN,PRIN,信安,SI,Principal MPF - Simple Plan,信安強積金—易富之選,MIX_61_80,Mixed Assets Fund - 61% to 80% Equity,混合資產基金 - 61% 至 80% 股票,Principal Balanced Fund,信安均衡基金,NA1,2005-01-20
918,PRIN,PRIN,信安,SI,Principal MPF - Simple Plan,信安強積金—易富之選,BOND_GLOB,Bond Fund - Global Bond Fund,債券基金 - 環球債券基金,Principal Dynamic Global Bond Fund,信安動力環球債券基金,NA1,2006-12-19
919,PRIN,PRIN,信安,SI,Principal MPF - Simple Plan,信安強積金—易富之選,EQ_GLOB,Equity Fund - Global Equity Fund,股票基金 - 環球股票基金,Principal Dynamic Global Equity Fund,信安動力環球股票基金,NA1,2006-12-19
920,PRIN,PRIN,信安,SI,Principal MPF - Simple Plan,信安強積金—易富之選,MM_MPFCON,Money Market Fund - MPF Conservative Fund,貨幣市場基金 - 強積金保守基金,Principal - MPF Conservative Fund,信安 - 強積金保守基金,NA1,2005-01-20
921,PRIN,PRIN,信安,SI,Principal MPF - Simple Plan,信安強積金—易富之選,EQ_ASIA,Equity Fund - Asia Equity Fund,股票基金 - 亞洲股票基金,Principal Dynamic Asia Pacific Equity Fund,信安動力亞太股票基金,NA1,2006-12-19
922,PRIN,PRIN,信安,SI,Principal MPF - Simple Plan,信安強積金—易富之選,MIX_DIS_CAF,Mixed Assets Fund - Default Investment Strategy - Core Accumulation Fund,混合資產基金 - 預設投資策略-核心累積基金,Principal Core Accumulation Fund,信安核心累積基金,NA1,2017-04-01
923,PRIN,PRIN,信安,SI,Principal MPF - Simple Plan,信安強積金—易富之選,MIX_81_100,Mixed Assets Fund - 81% to 100% Equity,混合資產基金 - 81% 至 100% 股票,Principal Growth Fund,信安增長基金,NA1,2005-01-20
924,PRIN,PRIN,信安,S8,Principal MPF Scheme Series 800,信安強積金計劃800系列,EQ_GLOB,Equity Fund - Global Equity Fund,股票基金 - 環球股票基金,Principal International Equity Fund,信安國際股票基金 - I類單位,I,2000-12-01
925,PRIN,PRIN,信安,S8,Principal MPF Scheme Series 800,信安強積金計劃800系列,BOND_GLOB,Bond Fund - Global Bond Fund,債券基金 - 環球債券基金,Principal International Bond Fund,信安國際債券基金 - D類單位,D,2000-12-01
926,PRIN,PRIN,信安,S8,Principal MPF Scheme Series 800,信安強積金計劃800系列,MIX_41_60,Mixed Assets Fund - 41% to 60% Equity,混合資產基金 - 41% 至 60% 股票,Principal Long Term Accumulation Fund,信安長線增值基金 - D類單位,D,2000-12-01
927,PRIN,PRIN,信安,S8,Principal MPF Scheme Series 800,信安強積金計劃800系列,MIX_21_40,Mixed Assets Fund - 21% to 40% Equity,混合資產基金 - 21% 至 40% 股票,Principal Stable Yield Fund,信安平穩回報基金 - D類單位,D,2000-12-01
928,PRIN,PRIN,信安,S8,Principal MPF Scheme Series 800,信安強積金計劃800系列,EQ_GLOB,Equity Fund - Global Equity Fund,股票基金 - 環球股票基金,Principal International Equity Fund,信安國際股票基金 - D類單位,D,2000-12-01
929,PRIN,PRIN,信安,S8,Principal MPF Scheme Series 800,信安強積金計劃800系列,BOND_GLOB,Bond Fund - Global Bond Fund,債券基金 - 環球債券基金,Principal International Bond Fund,信安國際債券基金 - I類單位,I,2000-12-01
930,PRIN,PRIN,信安,S8,Principal MPF Scheme Series 800,信安強積金計劃800系列,MIX_41_60,Mixed Assets Fund - 41% to 60% Equity,混合資產基金 - 41% 至 60% 股票,Principal Long Term Accumulation Fund,信安長線增值基金 - I類單位,I,2000-12-01
931,PRIN,PRIN,信安,S8,Principal MPF Scheme Series 800,信安強積金計劃800系列,EQ_HK_IDX,Equity Fund - Hong Kong Equity Fund (Index Tracking),股票基金 - 香港股票基金（追蹤指數）,Principal Hang Seng Index Tracking Fund,信安恒指基金 - N類單位,N,2012-02-01
932,PRIN,PRIN,信安,S8,Principal MPF Scheme Series 800,信安強積金計劃800系列,EQ_US,Equity Fund - United States Equity Fund,股票基金 - 美國股票基金,Principal US Equity Fund,信安美國股票基金 - I類單位,I,2000-12-01
933,PRIN,PRIN,信安,SI,Principal MPF - Simple Plan,信安強積金—易富之選,MIX_DIS_65,Mixed Assets Fund - Default Investment Strategy - Age 65 Plus Fund,混合資產基金 - 預設投資策略-65歲後基金,Principal Age 65 Plus Fund,信安65 歲後基金,NA1,2017-04-01
934,PRIN,PRIN,信安,S8,Principal MPF Scheme Series 800,信安強積金計劃800系列,EQ_US,Equity Fund - United States Equity Fund,股票基金 - 美國股票基金,Principal US Equity Fund,信安美國股票基金 - D類單位,D,2000-12-01
935,PRIN,PRIN,信安,S8,Principal MPF Scheme Series 800,信安強積金計劃800系列,MIX_21_40,Mixed Assets Fund - 21% to 40% Equity,混合資產基金 - 21% 至 40% 股票,Principal Stable Yield Fund,信安平穩回報基金 - I類單位,I,2000-12-01
936,PRIN,PRIN,信安,S8,Principal MPF Scheme Series 800,信安強積金計劃800系列,MM_OTH,Money Market Fund - Other than MPF Conservative Fund,貨幣市場基金 - 不包括強積金保守基金,Principal HK Dollar Savings Fund,信安港元儲蓄基金 - I類單位,I,2000-12-01
937,PRIN,PRIN,信安,S8,Principal MPF Scheme Series 800,信安強積金計劃800系列,BOND_HKD,Bond Fund - Hong Kong Dollar Bond Fund,債券基金 - 港元債券基金,Principal Hong Kong Bond Fund,信安香港債券基金 - N類單位,N,2012-02-01
938,PRIN,PRIN,信安,S8,Principal MPF Scheme Series 800,信安強積金計劃800系列,EQ_HK,Equity Fund - Hong Kong Equity Fund,股票基金 - 香港股票基金,Principal Hong Kong Equity Fund,信安香港股票基金 - I類單位,I,2006-09-01
939,PRIN,PRIN,信安,S8,Principal MPF Scheme Series 800,信安強積金計劃800系列,MIX_61_80,Mixed Assets Fund - 61% to 80% Equity,混合資產基金 - 61% 至 80% 股票,Principal Global Growth Fund,信安環球增長基金 - I類單位,I,2000-12-01
940,PRIN,PRIN,信安,S8,Principal MPF Scheme Series 800,信安強積金計劃800系列,EQ_HK,Equity Fund - Hong Kong Equity Fund,股票基金 - 香港股票基金,Principal Hong Kong Equity Fund,信安香港股票基金 - D類單位,D,2006-09-01
941,PRIN,PRIN,信安,S8,Principal MPF Scheme Series 800,信安強積金計劃800系列,MM_MPFCON,Money Market Fund - MPF Conservative Fund,貨幣市場基金 - 強積金保守基金,Principal MPF Conservative Fund,信安強積金保守基金 - N類單位,N,2000-12-01
942,PRIN,PRIN,信安,S8,Principal MPF Scheme Series 800,信安強積金計劃800系列,MM_OTH,Money Market Fund - Other than MPF Conservative Fund,貨幣市場基金 - 不包括強積金保守基金,Principal HK Dollar Savings Fund,信安港元儲蓄基金 - D類單位,D,2000-12-01
943,PRIN,PRIN,信安,S8,Principal MPF Scheme Series 800,信安強積金計劃800系列,MIX_61_80,Mixed Assets Fund - 61% to 80% Equity,混合資產基金 - 61% 至 80% 股票,Principal Global Growth Fund,信安環球增長基金 - D類單位,D,2000-12-01
944,PRIN,PRIN,信安,S8,Principal MPF Scheme Series 800,信安強積金計劃800系列,MIX_81_100,Mixed Assets Fund - 81% to 100% Equity,混合資產基金 - 81% 至 100% 股票,Principal Aggressive Strategy Fund,信安進取策略基金 - D類單位,D,2020-10-22
945,PRIN,PRIN,信安,S8,Principal MPF Scheme Series 800,信安強積金計劃800系列,EQ_ASIA,Equity Fund - Asia Equity Fund,股票基金 - 亞洲股票基金,Principal Asian Equity Fund,信安亞洲股票基金 - D類單位,D,2000-12-01
946,PRIN,PRIN,信安,S8,Principal MPF Scheme Series 800,信安強積金計劃800系列,MIX_81_100,Mixed Assets Fund - 81% to 100% Equity,混合資產基金 - 81% 至 100% 股票,Principal Aggressive Strategy Fund,信安進取策略基金 - I類單位,I,2020-10-22
947,PRIN,PRIN,信安,S8,Principal MPF Scheme Series 800,信安強積金計劃800系列,EQ_ASIA,Equity Fund - Asia Equity Fund,股票基金 - 亞洲股票基金,Principal Asian Equity Fund,信安亞洲股票基金 - I類單位,I,2000-12-01
948,PRIN,PRIN,信安,S8,Principal MPF Scheme Series 800,信安強積金計劃800系列,MIX_DIS_65,Mixed Assets Fund - Default Investment Strategy - Age 65 Plus Fund,混合資產基金 - 預設投資策略-65歲後基金,Principal Age 65 Plus Fund,信安65歲後基金 - N類單位,N,2017-04-01
949,PRIN,PRIN,信安,S8,Principal MPF Scheme Series 800,信安強積金計劃800系列,BOND_ASIA,Bond Fund - Asia Bond Fund,債券基金 - 亞洲債券基金,Principal Asian Bond Fund,信安亞洲債券基金 - N類單位,N,2020-10-22
950,PRIN,PRIN,信安,S8,Principal MPF Scheme Series 800,信安強積金計劃800系列,MIX_DIS_CAF,Mixed Assets Fund - Default Investment Strategy - Core Accumulation Fund,混合資產基金 - 預設投資策略-核心累積基金,Principal Core Accumulation Fund,信安核心累積基金 - N類單位,N,2017-04-01
951,PRIN,PRIN,信安,S8,Principal MPF Scheme Series 800,信安強積金計劃800系列,EQ_CHN,Equity Fund - China Equity Fund,股票基金 - 中國股票基金,Principal China Equity Fund,信安中國股票基金 - D類單位,D,2007-08-01
952,PRIN,PRIN,信安,S8,Principal MPF Scheme Series 800,信安強積金計劃800系列,EQ_CHN,Equity Fund - China Equity Fund,股票基金 - 中國股票基金,Principal China Equity Fund,信安中國股票基金 - I類單位,I,2007-08-01
501,BCT,BCT,銀聯,PC,BCT (MPF) Pro Choice,BCT積金之選,#REF!,#REF!,#REF!,BCT (Pro) China and Hong Kong Equity Fund,BCT中國及香港股票基金,,2008-01-01
502,BCT,BCT,銀聯,PC,BCT (MPF) Pro Choice,BCT積金之選,EQ_ASIA,Equity Fund - Asia Equity Fund,股票基金 - 亞洲股票基金,BCT (Pro) Asian Equity Fund,BCT亞洲股票基金,,2004-05-01
503,BCT,BCT,銀聯,PC,BCT (MPF) Pro Choice,BCT積金之選,EQ_EUR,Equity Fund - Europe Equity Fund,股票基金 - 歐洲股票基金,BCT (Pro) European Equity Fund,BCT歐洲股票基金,,2008-01-01
504,BCT,BCT,銀聯,PC,BCT (MPF) Pro Choice,BCT積金之選,EQ_GLOB,Equity Fund - Global Equity Fund,股票基金 - 環球股票基金,BCT (Pro) Global Equity Fund,BCT環球股票基金,,2002-10-01
505,BCT,BCT,銀聯,PC,BCT (MPF) Pro Choice,BCT積金之選,EQ_HK_IDX,Equity Fund - Hong Kong Equity Fund (Index Tracking),股票基金 - 香港股票基金（追蹤指數）,BCT (Pro) Hang Seng Index Tracking Fund,BCT恒指基金,,2009-10-01
506,BCT,BCT,銀聯,PC,BCT (MPF) Pro Choice,BCT積金之選,EQ_US,Equity Fund - United States Equity Fund,股票基金 - 美國股票基金,BCT (Pro) U.S. Equity Fund,BCT美國股票基金,,2021-11-23
507,BCT,BCT,銀聯,PC,BCT (MPF) Pro Choice,BCT積金之選,EQ_GCHNA,Equity Fund - Greater China Equity Fund,股票基金 - 大中華股票基金,BCT (Pro) Greater China Equity Fund,BCT大中華股票基金,,2012-06-28
508,BCT,BCT,銀聯,PC,BCT (MPF) Pro Choice,BCT積金之選,EQ_GLOB,Equity Fund - Global Equity Fund,股票基金 - 環球股票基金,BCT (Pro) World Equity Fund,BCT世界股票基金,,2012-06-28
509,BCT,BCT,銀聯,PC,BCT (MPF) Pro Choice,BCT積金之選,MIX_OTH,Mixed Assets Fund - Uncategorized Mixed Asset Fund,混合資產基金 - 未分類混合資產基金,BCT (Pro) SaveEasy 2050 Fund,BCT儲蓄易2050 基金,,2021-11-23
510,BCT,BCT,銀聯,PC,BCT (MPF) Pro Choice,BCT積金之選,MIX_OTH,Mixed Assets Fund - Uncategorized Mixed Asset Fund,混合資產基金 - 未分類混合資產基金,BCT (Pro) SaveEasy 2045 Fund,BCT儲蓄易2045 基金,,2021-11-23
511,BCT,BCT,銀聯,PC,BCT (MPF) Pro Choice,BCT積金之選,MIX_OTH,Mixed Assets Fund - Uncategorized Mixed Asset Fund,混合資產基金 - 未分類混合資產基金,BCT (Pro) SaveEasy 2040 Fund,BCT儲蓄易2040 基金,,2008-10-27
512,BCT,BCT,銀聯,PC,BCT (MPF) Pro Choice,BCT積金之選,MIX_OTH,Mixed Assets Fund - Uncategorized Mixed Asset Fund,混合資產基金 - 未分類混合資產基金,BCT (Pro) SaveEasy 2035 Fund,BCT儲蓄易2035 基金,,2008-10-27
513,BCT,BCT,銀聯,PC,BCT (MPF) Pro Choice,BCT積金之選,MIX_OTH,Mixed Assets Fund - Uncategorized Mixed Asset Fund,混合資產基金 - 未分類混合資產基金,BCT (Pro) SaveEasy 2030 Fund,BCT儲蓄易2030 基金,,2008-10-27
514,BCT,BCT,銀聯,PC,BCT (MPF) Pro Choice,BCT積金之選,MIX_OTH,Mixed Assets Fund - Uncategorized Mixed Asset Fund,混合資產基金 - 未分類混合資產基金,BCT (Pro) SaveEasy 2025 Fund,BCT儲蓄易2025 基金,,2008-10-27
515,BCT,BCT,銀聯,PC,BCT (MPF) Pro Choice,BCT積金之選,MIX_81_100,Mixed Assets Fund - 81% to 100% Equity,混合資產基金 - 81% 至 100% 股票,BCT (Pro) E90 Mixed Asset Fund,BCT E90 混合資產基金,,2008-10-27
516,BCT,BCT,銀聯,PC,BCT (MPF) Pro Choice,BCT積金之選,MIX_61_80,Mixed Assets Fund - 61% to 80% Equity,混合資產基金 - 61% 至 80% 股票,BCT (Pro) E70 Mixed Asset Fund,BCT E70 混合資產基金,,2000-12-01
517,BCT,BCT,銀聯,PC,BCT (MPF) Pro Choice,BCT積金之選,MIX_41_60,Mixed Assets Fund - 41% to 60% Equity,混合資產基金 - 41% 至 60% 股票,BCT (Pro) E50 Mixed Asset Fund,BCT E50 混合資產基金,,2000-12-01
518,BCT,BCT,銀聯,PC,BCT (MPF) Pro Choice,BCT積金之選,MIX_21_40,Mixed Assets Fund - 21% to 40% Equity,混合資產基金 - 21% 至 40% 股票,BCT (Pro) E30 Mixed Asset Fund,BCT E30 混合資產基金,,2000-12-01
519,BCT,BCT,銀聯,PC,BCT (MPF) Pro Choice,BCT積金之選,MIX_OTH,Mixed Assets Fund - Uncategorized Mixed Asset Fund,混合資產基金 - 未分類混合資產基金,BCT (Pro) Flexi Mixed Asset Fund,BCT靈活混合資產基金,,2005-08-01
520,BCT,BCT,銀聯,PC,BCT (MPF) Pro Choice,BCT積金之選,MIX_DIS_CAF,Mixed Assets Fund - Default Investment Strategy - Core Accumulation Fund,混合資產基金 - 預設投資策略-核心累積基金,BCT (Pro) Core Accumulation Fund,BCT核心累積基金,,2017-04-01
521,BCT,BCT,銀聯,PC,BCT (MPF) Pro Choice,BCT積金之選,MIX_DIS_65,Mixed Assets Fund - Default Investment Strategy - Age 65 Plus Fund,混合資產基金 - 預設投資策略-65歲後基金,BCT (Pro) Age 65 Plus Fund,BCT65歲後基金,,2017-04-01
522,BCT,BCT,銀聯,PC,BCT (MPF) Pro Choice,BCT積金之選,MIX_OTH,Mixed Assets Fund - Uncategorized Mixed Asset Fund,混合資產基金 - 未分類混合資產基金,BCT (Pro) Asian Income Retirement Fund,BCT亞洲收益退休基金,,2022-04-25
523,BCT,BCT,銀聯,PC,BCT (MPF) Pro Choice,BCT積金之選,BOND_RMB,Bond Fund - RMB Bond Fund,債券基金 - 人民幣債券基金,BCT (Pro) RMB Bond Fund,BCT人民幣債券基金,,2013-03-04
524,BCT,BCT,銀聯,PC,BCT (MPF) Pro Choice,BCT積金之選,BOND_GLOB,Bond Fund - Global Bond Fund,債券基金 - 環球債券基金,BCT (Pro) Global Bond Fund,BCT環球債券基金,,2002-10-01
525,BCT,BCT,銀聯,PC,BCT (MPF) Pro Choice,BCT積金之選,BOND_HKD,Bond Fund - Hong Kong Dollar Bond Fund,債券基金 - 港元債券基金,BCT (Pro) Hong Kong Dollar Bond Fund,BCT港元債券基金,,2009-10-01
526,BCT,BCT,銀聯,PC,BCT (MPF) Pro Choice,BCT積金之選,MM_MPFCON,Money Market Fund - MPF Conservative Fund,貨幣市場基金 - 強積金保守基金,BCT (Pro) MPF Conservative Fund,BCT強積金保守基金,,2000-12-01
530,BCT,BCT,銀聯,IC,BCT (MPF) Industry Choice,BCT（強積金）行業計劃,EQ_HK,Equity Fund - Hong Kong Equity Fund,股票基金 - 香港股票基金,BCT (Industry) China and Hong Kong Equity Fund,BCT（行業）中國及香港股票基金,,2002-10-01
531,BCT,BCT,銀聯,IC,BCT (MPF) Industry Choice,BCT（強積金）行業計劃,EQ_ASIA,Equity Fund - Asia Equity Fund,股票基金 - 亞洲股票基金,BCT (Industry) Asian Equity Fund,BCT（行業）亞洲股票基金,,2004-05-01
532,BCT,BCT,銀聯,IC,BCT (MPF) Industry Choice,BCT（強積金）行業計劃,EQ_GLOB,Equity Fund - Global Equity Fund,股票基金 - 環球股票基金,BCT (Industry) Global Equity Fund,BCT（行業）環球股票基金,,2002-10-01
533,BCT,BCT,銀聯,IC,BCT (MPF) Industry Choice,BCT（強積金）行業計劃,MIX_61_80,Mixed Assets Fund - 61% to 80% Equity,混合資產基金 - 61% 至 80% 股票,BCT (Industry) E70 Mixed Asset Fund,BCT（行業）E70 混合資產基金,,2000-12-01
534,BCT,BCT,銀聯,IC,BCT (MPF) Industry Choice,BCT（強積金）行業計劃,MIX_41_60,Mixed Assets Fund - 41% to 60% Equity,混合資產基金 - 41% 至 60% 股票,BCT (Industry) E50 Mixed Asset Fund,BCT（行業）E50 混合資產基金,,2000-12-01
535,BCT,BCT,銀聯,IC,BCT (MPF) Industry Choice,BCT（強積金）行業計劃,MIX_21_40,Mixed Assets Fund - 21% to 40% Equity,混合資產基金 - 21% 至 40% 股票,BCT (Industry) E30 Mixed Asset Fund,BCT（行業）E30 混合資產基金,,2000-12-01
536,BCT,BCT,銀聯,IC,BCT (MPF) Industry Choice,BCT（強積金）行業計劃,MIX_OTH,Mixed Assets Fund - Uncategorized Mixed Asset Fund,混合資產基金 - 未分類混合資產基金,BCT (Industry) Flexi Mixed Asset Fund,BCT（行業）靈活混合資產基金,,2005-08-01
537,BCT,BCT,銀聯,IC,BCT (MPF) Industry Choice,BCT（強積金）行業計劃,MIX_DIS_CAF,Mixed Assets Fund - Default Investment Strategy - Core Accumulation Fund,混合資產基金 - 預設投資策略-核心累積基金,BCT (Industry) Core Accumulation Fund,BCT（行業）核心累積基金,,2017-04-01
538,BCT,BCT,銀聯,IC,BCT (MPF) Industry Choice,BCT（強積金）行業計劃,MIX_DIS_65,Mixed Assets Fund - Default Investment Strategy - Age 65 Plus Fund,混合資產基金 - 預設投資策略-65歲後基金,BCT (Industry) Age 65 Plus Fund,BCT（行業）65歲後基金,,2017-04-01
539,BCT,BCT,銀聯,IC,BCT (MPF) Industry Choice,BCT（強積金）行業計劃,BOND_RMB,Bond Fund - RMB Bond Fund,債券基金 - 人民幣債券基金,BCT (Industry) RMB Bond Fund,BCT（行業）人民幣債券基金,,2013-03-04
540,BCT,BCT,銀聯,IC,BCT (MPF) Industry Choice,BCT（強積金）行業計劃,BOND_GLOB,Bond Fund - Global Bond Fund,債券基金 - 環球債券基金,BCT (Industry) Global Bond Fund,BCT（行業）環球債券基金,,2002-10-01
541,BCT,BCT,銀聯,IC,BCT (MPF) Industry Choice,BCT（強積金）行業計劃,MM_MPFCON,Money Market Fund - MPF Conservative Fund,貨幣市場基金 - 強積金保守基金,BCT (Industry) MPF Conservative Fund,BCT（行業）強積金保守基金,,2000-12-01
550,BCT,BCT,銀聯,BS,BCT Strategic MPF Scheme,BCT強積金策略計劃,EQ_HK,Equity Fund - Hong Kong Equity Fund,股票基金 - 香港股票基金,Invesco Hong Kong and China Equity Fund,景順中港股票基金 - 單位類別H,_HK,2003-03-03
551,BCT,BCT,銀聯,BS,BCT Strategic MPF Scheme,BCT強積金策略計劃,EQ_HK,Equity Fund - Hong Kong Equity Fund,股票基金 - 香港股票基金,Invesco Hong Kong and China Equity Fund,景順中港股票基金 - 單位類別A,_HK,2003-03-05
552,BCT,BCT,銀聯,BS,BCT Strategic MPF Scheme,BCT強積金策略計劃,EQ_ASIA,Equity Fund - Asia Equity Fund,股票基金 - 亞洲股票基金,Invesco Asian Equity Fund,景順亞洲股票基金 - 單位類別A,_ASIA,2007-09-28
553,BCT,BCT,銀聯,BS,BCT Strategic MPF Scheme,BCT強積金策略計劃,EQ_ASIA,Equity Fund - Asia Equity Fund,股票基金 - 亞洲股票基金,Invesco Asian Equity Fund,景順亞洲股票基金 - 單位類別H,_ASIA,2007-10-03
554,BCT,BCT,銀聯,BS,BCT Strategic MPF Scheme,BCT強積金策略計劃,EQ_HK_IDX,Equity Fund - Hong Kong Equity Fund (Index Tracking),股票基金 - 香港股票基金（追蹤指數）,Invesco Hang Seng Index Tracking Fund,景順恒指基金 - 單位類別A,_HK_IDX,2014-07-31
555,BCT,BCT,銀聯,BS,BCT Strategic MPF Scheme,BCT強積金策略計劃,EQ_HK_IDX,Equity Fund - Hong Kong Equity Fund (Index Tracking),股票基金 - 香港股票基金（追蹤指數）,Invesco Hang Seng Index Tracking Fund,景順恒指基金 - 單位類別H,_HK_IDX,2014-07-31
556,BCT,BCT,銀聯,BS,BCT Strategic MPF Scheme,BCT強積金策略計劃,EQ_GLOB,Equity Fund - Global Equity Fund,股票基金 - 環球股票基金,Invesco Global Index Tracking Fund,景順環球追蹤指數基金 - 單位類別A,_GLOB,2023-06-09
557,BCT,BCT,銀聯,BS,BCT Strategic MPF Scheme,BCT強積金策略計劃,EQ_GLOB,Equity Fund - Global Equity Fund,股票基金 - 環球股票基金,Invesco Global Index Tracking Fund,景順環球追蹤指數基金 - 單位類別H,_GLOB,2023-06-09
558,BCT,BCT,銀聯,BS,BCT Strategic MPF Scheme,BCT強積金策略計劃,EQ_US,Equity Fund - United States Equity Fund,股票基金 - 美國股票基金,Invesco US Index Tracking Fund,景順美國追蹤指數基金 - 單位類別A,_US,2023-06-09
559,BCT,BCT,銀聯,BS,BCT Strategic MPF Scheme,BCT強積金策略計劃,EQ_US,Equity Fund - United States Equity Fund,股票基金 - 美國股票基金,Invesco US Index Tracking Fund,景順美國追蹤指數基金 - 單位類別H,_US,2023-06-09
560,BCT,BCT,銀聯,BS,BCT Strategic MPF Scheme,BCT強積金策略計劃,EQ_GLOB,Equity Fund - Global Equity Fund,股票基金 - 環球股票基金,Invesco Growth Fund,景順增長基金 - 單位類別H,_GLOB,
561,BCT,BCT,銀聯,BS,BCT Strategic MPF Scheme,BCT強積金策略計劃,EQ_GLOB,Equity Fund - Global Equity Fund,股票基金 - 環球股票基金,Invesco Growth Fund,景順增長基金 - 單位類別A,_GLOB,2000-12-28
562,BCT,BCT,銀聯,BS,BCT Strategic MPF Scheme,BCT強積金策略計劃,MIX_61_80,Mixed Assets Fund - 61% to 80% Equity,混合資產基金 - 61% 至 80% 股票,Invesco Balanced Fund,景順均衡基金 - 單位類別A,X_61_80,2001-01-29
563,BCT,BCT,銀聯,BS,BCT Strategic MPF Scheme,BCT強積金策略計劃,MIX_61_80,Mixed Assets Fund - 61% to 80% Equity,混合資產基金 - 61% 至 80% 股票,Invesco Balanced Fund,景順均衡基金 - 單位類別H,X_61_80,
564,BCT,BCT,銀聯,BS,BCT Strategic MPF Scheme,BCT強積金策略計劃,MIX_21_40,Mixed Assets Fund - 21% to 40% Equity,混合資產基金 - 21% 至 40% 股票,Invesco Capital Stable Fund,景順資本穩定基金 - 單位類別A,X_21_40,2001-01-29
565,BCT,BCT,銀聯,BS,BCT Strategic MPF Scheme,BCT強積金策略計劃,MIX_21_40,Mixed Assets Fund - 21% to 40% Equity,混合資產基金 - 21% 至 40% 股票,Invesco Capital Stable Fund,景順資本穩定基金 - 單位類別H,X_21_40,2001-02-12
566,BCT,BCT,銀聯,BS,BCT Strategic MPF Scheme,BCT強積金策略計劃,MIX_DIS_CAF,Mixed Assets Fund - Default Investment Strategy - Core Accumulation Fund,混合資產基金 - 預設投資策略-核心累積基金,Invesco Core Accumulation Fund,景順核心累積基金 - 單位類別H,X_DIS_CAF,2017-04-01
567,BCT,BCT,銀聯,BS,BCT Strategic MPF Scheme,BCT強積金策略計劃,MIX_DIS_CAF,Mixed Assets Fund - Default Investment Strategy - Core Accumulation Fund,混合資產基金 - 預設投資策略-核心累積基金,Invesco Core Accumulation Fund,景順核心累積基金 - 單位類別A,X_DIS_CAF,2017-04-01
568,BCT,BCT,銀聯,BS,BCT Strategic MPF Scheme,BCT強積金策略計劃,MIX_DIS_65,Mixed Assets Fund - Default Investment Strategy - Age 65 Plus Fund,混合資產基金 - 預設投資策略-65歲後基金,Invesco Age 65 Plus Fund,景順65歲後基金 - 單位類別H,X_DIS_65,2017-04-01
569,BCT,BCT,銀聯,BS,BCT Strategic MPF Scheme,BCT強積金策略計劃,MIX_DIS_65,Mixed Assets Fund - Default Investment Strategy - Age 65 Plus Fund,混合資產基金 - 預設投資策略-65歲後基金,Invesco Age 65 Plus Fund,景順65歲後基金 - 單位類別A,X_DIS_65,2017-04-01
570,BCT,BCT,銀聯,BS,BCT Strategic MPF Scheme,BCT強積金策略計劃,BOND_GLOB,Bond Fund - Global Bond Fund,債券基金 - 環球債券基金,Invesco Global Bond Fund,景順環球債券基金 - 單位類別A,ND_GLOB,2003-03-05
571,BCT,BCT,銀聯,BS,BCT Strategic MPF Scheme,BCT強積金策略計劃,BOND_GLOB,Bond Fund - Global Bond Fund,債券基金 - 環球債券基金,Invesco Global Bond Fund,景順環球債券基金 - 單位類別H,ND_GLOB,2003-03-05
572,BCT,BCT,銀聯,BS,BCT Strategic MPF Scheme,BCT強積金策略計劃,BOND_RMB,Bond Fund - RMB Bond Fund,債券基金 - 人民幣債券基金,Invesco RMB Bond Fund,景順人民幣債券基金 - 單位類別H,ND_RMB,2013-03-06
573,BCT,BCT,銀聯,BS,BCT Strategic MPF Scheme,BCT強積金策略計劃,BOND_RMB,Bond Fund - RMB Bond Fund,債券基金 - 人民幣債券基金,Invesco RMB Bond Fund,景順人民幣債券基金 - 單位類別A,ND_RMB,2013-03-05
574,BCT,BCT,銀聯,BS,BCT Strategic MPF Scheme,BCT強積金策略計劃,MM_MPFCON,Money Market Fund - MPF Conservative Fund,貨幣市場基金 - 強積金保守基金,Invesco MPF Conservative Fund,景順強積金保守基金 - 單位類別H,_MPFCON,
575,BCT,BCT,銀聯,BS,BCT Strategic MPF Scheme,BCT強積金策略計劃,MM_MPFCON,Money Market Fund - MPF Conservative Fund,貨幣市場基金 - 強積金保守基金,Invesco MPF Conservative Fund,景順強積金保守基金 - 單位類別A,_MPFCON,2001-01-29
580,BCT,BCT,銀聯,OR,BCT Premier Pooled ORSO Retirement Plan,銀聯信託超卓匯集退休計劃,EQ_GCHNA,Equity Fund - Greater China Equity Fund,股票基金 - 大中華股票基金,BCT ORSO China and HK Equity Fund,銀聯信託(ORSO)中國及香港股票基金,,
581,BCT,BCT,銀聯,OR,BCT Premier Pooled ORSO Retirement Plan,銀聯信託超卓匯集退休計劃,EQ_OTH,Equity Fund - Uncategorized Equity Fund,股票基金 - 未分類股票基金,BCT ORSO Global Emerging Markets Equity Fund,銀聯信託(ORSO)環球新興市場股票基金,,
582,BCT,BCT,銀聯,OR,BCT Premier Pooled ORSO Retirement Plan,銀聯信託超卓匯集退休計劃,EQ_ASIA,Equity Fund - Asia Equity Fund,股票基金 - 亞洲股票基金,BCT ORSO Asian Equity Fund,銀聯信託(ORSO)亞洲股票基金,,
583,BCT,BCT,銀聯,OR,BCT Premier Pooled ORSO Retirement Plan,銀聯信託超卓匯集退休計劃,EQ_EUR,Equity Fund - Europe Equity Fund,股票基金 - 歐洲股票基金,BCT ORSO European Equity Fund,銀聯信託(ORSO)歐洲股票基金,,
584,BCT,BCT,銀聯,OR,BCT Premier Pooled ORSO Retirement Plan,銀聯信託超卓匯集退休計劃,EQ_US,Equity Fund - United States Equity Fund,股票基金 - 美國股票基金,BCT ORSO North American Equity Fund,銀聯信託(ORSO)北美股票基金,,
585,BCT,BCT,銀聯,OR,BCT Premier Pooled ORSO Retirement Plan,銀聯信託超卓匯集退休計劃,EQ_HK_IDX,Equity Fund - Hong Kong Equity Fund (Index Tracking),股票基金 - 香港股票基金（追蹤指數）,BCT ORSO Hong Kong Equity Index Fund,銀聯信託(ORSO)香港股票指數基金,,
586,BCT,BCT,銀聯,OR,BCT Premier Pooled ORSO Retirement Plan,銀聯信託超卓匯集退休計劃,MIX_61_80,Mixed Assets Fund - 61% to 80% Equity,混合資產基金 - 61% 至 80% 股票,BCT ORSO Growth Fund,銀聯信託(ORSO)增長基金,,
587,BCT,BCT,銀聯,OR,BCT Premier Pooled ORSO Retirement Plan,銀聯信託超卓匯集退休計劃,MIX_81_100,Mixed Assets Fund - 81% to 100% Equity,混合資產基金 - 81% 至 100% 股票,BCT ORSO E90 Market Tracking Mixed Asset Fund,銀聯信託(ORSO)E90市場追蹤混合資產基金,,
588,BCT,BCT,銀聯,OR,BCT Premier Pooled ORSO Retirement Plan,銀聯信託超卓匯集退休計劃,MIX_41_60,Mixed Assets Fund - 41% to 60% Equity,混合資產基金 - 41% 至 60% 股票,BCT ORSO Balanced Fund,銀聯信託(ORSO)均衡基金,,
589,BCT,BCT,銀聯,OR,BCT Premier Pooled ORSO Retirement Plan,銀聯信託超卓匯集退休計劃,MIX_61_80,Mixed Assets Fund - 61% to 80% Equity,混合資產基金 - 61% 至 80% 股票,BCT ORSO E70 Market Tracking Mixed Asset Fund,銀聯信託(ORSO)E70市場追蹤混合資產基金,,
590,BCT,BCT,銀聯,OR,BCT Premier Pooled ORSO Retirement Plan,銀聯信託超卓匯集退休計劃,MIX_41_60,Mixed Assets Fund - 41% to 60% Equity,混合資產基金 - 41% 至 60% 股票,BCT ORSO Stable Growth Fund,銀聯信託(ORSO)穩定增長基金,,
591,BCT,BCT,銀聯,OR,BCT Premier Pooled ORSO Retirement Plan,銀聯信託超卓匯集退休計劃,MIX_41_60,Mixed Assets Fund - 41% to 60% Equity,混合資產基金 - 41% 至 60% 股票,BCT ORSO E50 Market Tracking Mixed Asset Fund,銀聯信託(ORSO)E50市場追蹤混合資產基金,,
592,BCT,BCT,銀聯,OR,BCT Premier Pooled ORSO Retirement Plan,銀聯信託超卓匯集退休計劃,MIX_21_40,Mixed Assets Fund - 21% to 40% Equity,混合資產基金 - 21% 至 40% 股票,BCT ORSO Capital Stable Fund,銀聯信託(ORSO)穩定資本基金,,
593,BCT,BCT,銀聯,OR,BCT Premier Pooled ORSO Retirement Plan,銀聯信託超卓匯集退休計劃,MIX_21_40,Mixed Assets Fund - 21% to 40% Equity,混合資產基金 - 21% 至 40% 股票,BCT ORSO E30 Market Tracking Mixed Asset Fund,銀聯信託(ORSO)E30市場追蹤混合資產基金,,
594,BCT,BCT,銀聯,OR,BCT Premier Pooled ORSO Retirement Plan,銀聯信託超卓匯集退休計劃,MIX_OTH,Mixed Assets Fund - Uncategorized Mixed Asset Fund,混合資產基金 - 未分類混合資產基金,BCT ORSO Asian Income Retirement Fund,銀聯信託(ORSO)亞洲收益退休基金,,
595,BCT,BCT,銀聯,OR,BCT Premier Pooled ORSO Retirement Plan,銀聯信託超卓匯集退休計劃,BOND_GLOB,Bond Fund - Global Bond Fund,債券基金 - 環球債券基金,BCT ORSO Global Bond Fund,銀聯信託(ORSO)環球債券基金,,
596,BCT,BCT,銀聯,OR,BCT Premier Pooled ORSO Retirement Plan,銀聯信託超卓匯集退休計劃,MM_OTH,Money Market Fund - Other than MPF Conservative Fund,貨幣市場基金 - 不包括強積金保守基金,BCT ORSO HK Dollar Cash Fund,銀聯信託(ORSO)港元貨幣基金,,
597,BCT,BCT,銀聯,OR,BCT Premier Pooled ORSO Retirement Plan,銀聯信託超卓匯集退休計劃,GUAR,Guaranteed Fund,保證基金,BCT ORSO Guaranteed Fund,銀聯信託(ORSO)保證基金,,
601,BEA,BEA,東亞,IS,BEA (MPF) Industry Scheme,東亞（強積金）行業計劃,MIX_DIS_65,Mixed Assets Fund - Default Investment Strategy - Age 65 Plus Fund,混合資產基金 - 預設投資策略-65歲後基金,BEA (Industry Scheme) Age 65 Plus Fund,東亞 (行業計劃) 65歲後基金,,2017-04-01
602,BEA,BEA,東亞,IS,BEA (MPF) Industry Scheme,東亞（強積金）行業計劃,EQ_ASIA,Equity Fund - Asia Equity Fund,股票基金 - 亞洲股票基金,BEA (Industry Scheme) Asian Equity Fund,東亞 (行業計劃) 亞洲股票基金,,2012-01-31
603,BEA,BEA,東亞,IS,BEA (MPF) Industry Scheme,東亞（強積金）行業計劃,MIX_41_60,Mixed Assets Fund - 41% to 60% Equity,混合資產基金 - 41% 至 60% 股票,BEA (Industry Scheme) Balanced Fund,東亞 (行業計劃) 均衡基金,,2000-12-01
604,BEA,BEA,東亞,IS,BEA (MPF) Industry Scheme,東亞（強積金）行業計劃,MIX_DIS_CAF,Mixed Assets Fund - Default Investment Strategy - Core Accumulation Fund,混合資產基金 - 預設投資策略-核心累積基金,BEA (Industry Scheme) Core Accumulation Fund,東亞 (行業計劃) 核心累積基金,,2017-04-01
605,BEA,BEA,東亞,IS,BEA (MPF) Industry Scheme,東亞（強積金）行業計劃,EQ_GCHNA,Equity Fund - Greater China Equity Fund,股票基金 - 大中華股票基金,BEA (Industry Scheme) Greater China Equity Fund,東亞 (行業計劃) 大中華股票基金,,2010-01-04
606,BEA,BEA,東亞,IS,BEA (MPF) Industry Scheme,東亞（強積金）行業計劃,MIX_61_80,Mixed Assets Fund - 61% to 80% Equity,混合資產基金 - 61% 至 80% 股票,BEA (Industry Scheme) Growth Fund,東亞 (行業計劃) 增長基金,,2000-12-01
607,BEA,BEA,東亞,IS,BEA (MPF) Industry Scheme,東亞（強積金）行業計劃,EQ_HK,Equity Fund - Hong Kong Equity Fund,股票基金 - 香港股票基金,BEA (Industry Scheme) Hong Kong Equity Fund,東亞 (行業計劃) 香港股票基金,,2010-01-04
608,BEA,BEA,東亞,IS,BEA (MPF) Industry Scheme,東亞（強積金）行業計劃,MM_MPFCON,Money Market Fund - MPF Conservative Fund,貨幣市場基金 - 強積金保守基金,BEA (Industry Scheme) MPF Conservative Fund,東亞 (行業計劃) 強積金保守基金,,2000-12-01
609,BEA,BEA,東亞,IS,BEA (MPF) Industry Scheme,東亞（強積金）行業計劃,MM_OTH,Money Market Fund - Other than MPF Conservative Fund,貨幣市場基金 - 不包括強積金保守基金,BEA (Industry Scheme) RMB & HKD Money Market Fund,東亞 (行業計劃) 人民幣及港幣貨幣市場基金,,2012-07-03
610,BEA,BEA,東亞,IS,BEA (MPF) Industry Scheme,東亞（強積金）行業計劃,MIX_21_40,Mixed Assets Fund - 21% to 40% Equity,混合資產基金 - 21% 至 40% 股票,BEA (Industry Scheme) Stable Fund,東亞 (行業計劃) 平穩基金,,2000-12-01
611,BEA,BEA,東亞,IS,BEA (MPF) Industry Scheme,東亞（強積金）行業計劃,EQ_CHN,Equity Fund - China Equity Fund,股票基金 - 中國股票基金,BEA China Tracker Fund,東亞中國追蹤指數基金,,2012-01-31
612,BEA,BEA,東亞,IS,BEA (MPF) Industry Scheme,東亞（強積金）行業計劃,EQ_HK_IDX,Equity Fund - Hong Kong Equity Fund (Index Tracking),股票基金 - 香港股票基金（追蹤指數）,BEA Hong Kong Tracker Fund,東亞香港追蹤指數基金,,2012-01-31
613,BEA,BEA,東亞,MT,BEA (MPF) Master Trust Scheme,東亞（強積金）集成信託計劃,MIX_DIS_65,Mixed Assets Fund - Default Investment Strategy - Age 65 Plus Fund,混合資產基金 - 預設投資策略-65歲後基金,BEA (MPF) Age 65 Plus Fund,東亞 (強積金) 65歲後基金,,2017-04-01
614,BEA,BEA,東亞,MT,BEA (MPF) Master Trust Scheme,東亞（強積金）集成信託計劃,EQ_ASIA,Equity Fund - Asia Equity Fund,股票基金 - 亞洲股票基金,BEA (MPF) Asian Equity Fund,東亞(強積金)亞洲股票基金,,2005-09-01
615,BEA,BEA,東亞,MT,BEA (MPF) Master Trust Scheme,東亞（強積金）集成信託計劃,MIX_41_60,Mixed Assets Fund - 41% to 60% Equity,混合資產基金 - 41% 至 60% 股票,BEA (MPF) Balanced Fund,東亞 (強積金) 均衡基金,,2000-12-01
616,BEA,BEA,東亞,MT,BEA (MPF) Master Trust Scheme,東亞（強積金）集成信託計劃,MM_MPFCON,Money Market Fund - MPF Conservative Fund,貨幣市場基金 - 強積金保守基金,BEA (MPF) Conservative Fund,東亞 (強積金) 保守基金,,2000-12-01
617,BEA,BEA,東亞,MT,BEA (MPF) Master Trust Scheme,東亞（強積金）集成信託計劃,MIX_DIS_CAF,Mixed Assets Fund - Default Investment Strategy - Core Accumulation Fund,混合資產基金 - 預設投資策略-核心累積基金,BEA (MPF) Core Accumulation Fund,東亞 (強積金) 核心累積基金,,2017-04-01
618,BEA,BEA,東亞,MT,BEA (MPF) Master Trust Scheme,東亞（強積金）集成信託計劃,EQ_EUR,Equity Fund - Europe Equity Fund,股票基金 - 歐洲股票基金,BEA (MPF) European Equity Fund,東亞 (強積金) 歐洲股票基金,,2010-01-04
619,BEA,BEA,東亞,MT,BEA (MPF) Master Trust Scheme,東亞（強積金）集成信託計劃,BOND_GLOB,Bond Fund - Global Bond Fund,債券基金 - 環球債券基金,BEA (MPF) Global Bond Fund,東亞(強積金)環球債券基金,,2005-09-01
620,BEA,BEA,東亞,MT,BEA (MPF) Master Trust Scheme,東亞（強積金）集成信託計劃,EQ_GLOB,Equity Fund - Global Equity Fund,股票基金 - 環球股票基金,BEA (MPF) Global Equity Fund,東亞 (強積金) 環球股票基金,,2010-01-04
621,BEA,BEA,東亞,MT,BEA (MPF) Master Trust Scheme,東亞（強積金）集成信託計劃,EQ_GCHNA,Equity Fund - Greater China Equity Fund,股票基金 - 大中華股票基金,BEA (MPF) Greater China Equity Fund,東亞 (強積金) 大中華股票基金,,2006-12-01
622,BEA,BEA,東亞,MT,BEA (MPF) Master Trust Scheme,東亞（強積金）集成信託計劃,MIX_61_80,Mixed Assets Fund - 61% to 80% Equity,混合資產基金 - 61% 至 80% 股票,BEA (MPF) Growth Fund,東亞 (強積金) 增長基金,,2000-12-01
623,BEA,BEA,東亞,MT,BEA (MPF) Master Trust Scheme,東亞（強積金）集成信託計劃,EQ_HK,Equity Fund - Hong Kong Equity Fund,股票基金 - 香港股票基金,BEA (MPF) Hong Kong Equity Fund,東亞(強積金)香港股票基金,,2005-09-01
624,BEA,BEA,東亞,MT,BEA (MPF) Master Trust Scheme,東亞（強積金）集成信託計劃,EQ_JPN,Equity Fund - Japan Equity Fund,股票基金 - 日本股票基金,BEA (MPF) Japan Equity Fund,東亞(強積金)日本股票基金,,2006-12-01
625,BEA,BEA,東亞,MT,BEA (MPF) Master Trust Scheme,東亞（強積金）集成信託計劃,EQ_US,Equity Fund - United States Equity Fund,股票基金 - 美國股票基金,BEA (MPF) North American Equity Fund,東亞 (強積金) 北美股票基金,,2012-01-31
626,BEA,BEA,東亞,MT,BEA (MPF) Master Trust Scheme,東亞（強積金）集成信託計劃,MM_OTH,Money Market Fund - Other than MPF Conservative Fund,貨幣市場基金 - 不包括強積金保守基金,BEA (MPF) RMB & HKD Money Market Fund,東亞 (強積金) 人民幣及港幣貨幣市場基金,,2012-07-03
627,BEA,BEA,東亞,MT,BEA (MPF) Master Trust Scheme,東亞（強積金）集成信託計劃,MIX_21_40,Mixed Assets Fund - 21% to 40% Equity,混合資產基金 - 21% 至 40% 股票,BEA (MPF) Stable Fund,東亞 (強積金) 平穩基金,,2000-12-01
628,BEA,BEA,東亞,MT,BEA (MPF) Master Trust Scheme,東亞（強積金）集成信託計劃,EQ_CHN,Equity Fund - China Equity Fund,股票基金 - 中國股票基金,BEA China Tracker Fund,東亞中國追蹤指數基金,,2012-01-31
629,BEA,BEA,東亞,MT,BEA (MPF) Master Trust Scheme,東亞（強積金）集成信託計劃,EQ_HK_IDX,Equity Fund - Hong Kong Equity Fund (Index Tracking),股票基金 - 香港股票基金（追蹤指數）,BEA Hong Kong Tracker Fund,東亞香港追蹤指數基金,,2012-01-31
630,BEA,BEA,東亞,VS,BEA (MPF) Value Scheme,東亞（強積金）享惠計劃,MIX_DIS_65,Mixed Assets Fund - Default Investment Strategy - Age 65 Plus Fund,混合資產基金 - 預設投資策略-65歲後基金,BEA Age 65 Plus Fund,東亞65歲後基金,,2017-04-01
631,BEA,BEA,東亞,VS,BEA (MPF) Value Scheme,東亞（強積金）享惠計劃,EQ_ASIA,Equity Fund - Asia Equity Fund,股票基金 - 亞洲股票基金,BEA Asian Equity Fund,東亞亞洲股票基金,,2012-10-25
632,BEA,BEA,東亞,VS,BEA (MPF) Value Scheme,東亞（強積金）享惠計劃,MIX_41_60,Mixed Assets Fund - 41% to 60% Equity,混合資產基金 - 41% 至 60% 股票,BEA Balanced Fund,東亞均衡基金,,2012-10-25
633,BEA,BEA,東亞,VS,BEA (MPF) Value Scheme,東亞（強積金）享惠計劃,MIX_DIS_CAF,Mixed Assets Fund - Default Investment Strategy - Core Accumulation Fund,混合資產基金 - 預設投資策略-核心累積基金,BEA Core Accumulation Fund,東亞核心累積基金,,2017-04-01
634,BEA,BEA,東亞,VS,BEA (MPF) Value Scheme,東亞（強積金）享惠計劃,BOND_GLOB,Bond Fund - Global Bond Fund,債券基金 - 環球債券基金,BEA Global Bond Fund,東亞環球債券基金,,2012-10-25
635,BEA,BEA,東亞,VS,BEA (MPF) Value Scheme,東亞（強積金）享惠計劃,EQ_GLOB,Equity Fund - Global Equity Fund,股票基金 - 環球股票基金,BEA Global Equity Fund,東亞環球股票基金,,2012-10-25
636,BEA,BEA,東亞,VS,BEA (MPF) Value Scheme,東亞（強積金）享惠計劃,EQ_GCHNA,Equity Fund - Greater China Equity Fund,股票基金 - 大中華股票基金,BEA Greater China Equity Fund,東亞大中華股票基金,,2012-10-25
637,BEA,BEA,東亞,VS,BEA (MPF) Value Scheme,東亞（強積金）享惠計劃,MIX_61_80,Mixed Assets Fund - 61% to 80% Equity,混合資產基金 - 61% 至 80% 股票,BEA Growth Fund,東亞增長基金,,2012-10-25
638,BEA,BEA,東亞,VS,BEA (MPF) Value Scheme,東亞（強積金）享惠計劃,EQ_HK_IDX,Equity Fund - Hong Kong Equity Fund (Index Tracking),股票基金 - 香港股票基金（追蹤指數）,BEA Hong Kong Tracker Fund,東亞香港追蹤指數基金,,2012-10-25
639,BEA,BEA,東亞,VS,BEA (MPF) Value Scheme,東亞（強積金）享惠計劃,MM_MPFCON,Money Market Fund - MPF Conservative Fund,貨幣市場基金 - 強積金保守基金,BEA MPF Conservative Fund,東亞強積金保守基金,,2012-10-25
640,BEA,BEA,東亞,VS,BEA (MPF) Value Scheme,東亞（強積金）享惠計劃,MIX_21_40,Mixed Assets Fund - 21% to 40% Equity,混合資產基金 - 21% 至 40% 股票,BEA Stable Fund,東亞平穩基金,,2012-10-25
698,,#N/A,#N/A,,#N/A,#N/A,,#N/A,#N/A,,,,
699,,#N/A,#N/A,,#N/A,#N/A,,#N/A,#N/A,,,,
701,BOCI,BOCIP,中銀,EC,BOC-Prudential Easy-Choice Mandatory Provident Fund Scheme,中銀保誠簡易強積金計劃,MIX_DIS_65,Mixed Assets Fund - Default Investment Strategy - Age 65 Plus Fund,混合資產基金 - 預設投資策略-65歲後基金,BOC-Prudential Age 65 Plus Fund,中銀保誠65歲後基金,,2017-04-01
702,BOCI,BOCIP,中銀,EC,BOC-Prudential Easy-Choice Mandatory Provident Fund Scheme,中銀保誠簡易強積金計劃,EQ_ASIA,Equity Fund - Asia Equity Fund,股票基金 - 亞洲股票基金,BOC-Prudential Asia Equity Fund,中銀保誠亞洲股票基金,,2006-10-03
703,BOCI,BOCIP,中銀,EC,BOC-Prudential Easy-Choice Mandatory Provident Fund Scheme,中銀保誠簡易強積金計劃,MIX_41_60,Mixed Assets Fund - 41% to 60% Equity,混合資產基金 - 41% 至 60% 股票,BOC-Prudential Balanced Fund,中銀保誠均衡基金,,2000-12-13
704,BOCI,BOCIP,中銀,EC,BOC-Prudential Easy-Choice Mandatory Provident Fund Scheme,中銀保誠簡易強積金計劃,BOND_GLOB,Bond Fund - Global Bond Fund,債券基金 - 環球債券基金,BOC-Prudential Bond Fund,中銀保誠債券基金,,2003-04-15
705,BOCI,BOCIP,中銀,EC,BOC-Prudential Easy-Choice Mandatory Provident Fund Scheme,中銀保誠簡易強積金計劃,EQ_CHN,Equity Fund - China Equity Fund,股票基金 - 中國股票基金,BOC-Prudential China Equity Fund,中銀保誠中國股票基金,,2007-10-15
706,BOCI,BOCIP,中銀,EC,BOC-Prudential Easy-Choice Mandatory Provident Fund Scheme,中銀保誠簡易強積金計劃,MIX_DIS_CAF,Mixed Assets Fund - Default Investment Strategy - Core Accumulation Fund,混合資產基金 - 預設投資策略-核心累積基金,BOC-Prudential Core Accumulation Fund,中銀保誠核心累積基金,,2017-04-01
707,BOCI,BOCIP,中銀,EC,BOC-Prudential Easy-Choice Mandatory Provident Fund Scheme,中銀保誠簡易強積金計劃,EQ_HK_IDX,Equity Fund - Hong Kong Equity Fund (Index Tracking),股票基金 - 香港股票基金（追蹤指數）,BOC-Prudential CSI HK 100 Tracker Fund,中銀保誠中證香港100指數基金,,2012-09-03
708,BOCI,BOCIP,中銀,EC,BOC-Prudential Easy-Choice Mandatory Provident Fund Scheme,中銀保誠簡易強積金計劃,EQ_EUR,Equity Fund - Europe Equity Fund,股票基金 - 歐洲股票基金,BOC-Prudential European Index Tracking Fund,中銀保誠歐洲指數追蹤基金,,2012-09-03
709,BOCI,BOCIP,中銀,EC,BOC-Prudential Easy-Choice Mandatory Provident Fund Scheme,中銀保誠簡易強積金計劃,EQ_GLOB,Equity Fund - Global Equity Fund,股票基金 - 環球股票基金,BOC-Prudential Global Equity Fund,中銀保誠環球股票基金,,2003-04-15
710,BOCI,BOCIP,中銀,EC,BOC-Prudential Easy-Choice Mandatory Provident Fund Scheme,中銀保誠簡易強積金計劃,MIX_81_100,Mixed Assets Fund - 81% to 100% Equity,混合資產基金 - 81% 至 100% 股票,BOC-Prudential Growth Fund,中銀保誠增長基金,,2000-12-13
711,BOCI,BOCIP,中銀,EC,BOC-Prudential Easy-Choice Mandatory Provident Fund Scheme,中銀保誠簡易強積金計劃,EQ_HK,Equity Fund - Hong Kong Equity Fund,股票基金 - 香港股票基金,BOC-Prudential Hong Kong Equity Fund,中銀保誠香港股票基金,,2003-04-15
712,BOCI,BOCIP,中銀,EC,BOC-Prudential Easy-Choice Mandatory Provident Fund Scheme,中銀保誠簡易強積金計劃,MIX_OTH,Mixed Assets Fund - Uncategorized Mixed Asset Fund,混合資產基金 - 未分類混合資產基金,BOC-Prudential Hong Kong Stable Retirement Fund,中銀保誠香港平穩退休基金,,2022-11-21
713,BOCI,BOCIP,中銀,EC,BOC-Prudential Easy-Choice Mandatory Provident Fund Scheme,中銀保誠簡易強積金計劃,EQ_JPN,Equity Fund - Japan Equity Fund,股票基金 - 日本股票基金,BOC-Prudential Japan Equity Fund,中銀保誠日本股票基金,,2006-10-03
714,BOCI,BOCIP,中銀,EC,BOC-Prudential Easy-Choice Mandatory Provident Fund Scheme,中銀保誠簡易強積金計劃,MM_MPFCON,Money Market Fund - MPF Conservative Fund,貨幣市場基金 - 強積金保守基金,BOC-Prudential MPF Conservative Fund,中銀保誠強積金保守基金,,2000-12-13
715,BOCI,BOCIP,中銀,EC,BOC-Prudential Easy-Choice Mandatory Provident Fund Scheme,中銀保誠簡易強積金計劃,MM_OTH,Money Market Fund - Other than MPF Conservative Fund,貨幣市場基金 - 不包括強積金保守基金,BOC-Prudential MPF RMB & HKD Money Market Fund,中銀保誠強積金人民幣及港元貨幣市場基金,,2013-04-02
716,BOCI,BOCIP,中銀,EC,BOC-Prudential Easy-Choice Mandatory Provident Fund Scheme,中銀保誠簡易強積金計劃,EQ_US,Equity Fund - United States Equity Fund,股票基金 - 美國股票基金,BOC-Prudential North America Index Tracking Fund,中銀保誠北美指數追蹤基金,,2012-09-03
717,BOCI,BOCIP,中銀,EC,BOC-Prudential Easy-Choice Mandatory Provident Fund Scheme,中銀保誠簡易強積金計劃,MIX_21_40,Mixed Assets Fund - 21% to 40% Equity,混合資產基金 - 21% 至 40% 股票,BOC-Prudential Stable Fund,中銀保誠平穩基金,,2000-12-13
720,BOCI,BOCIP,中銀,MC,My Choice Mandatory Provident Fund Scheme,我的強積金計劃,MIX_DIS_65,Mixed Assets Fund - Default Investment Strategy - Age 65 Plus Fund,混合資產基金 - 預設投資策略-65歲後基金,My Choice Age 65 Plus Fund,我的65歲後基金,,2017-04-01
721,BOCI,BOCIP,中銀,MC,My Choice Mandatory Provident Fund Scheme,我的強積金計劃,EQ_ASIA,Equity Fund - Asia Equity Fund,股票基金 - 亞洲股票基金,My Choice Asia Equity Fund,我的亞洲股票基金,,2010-07-28
722,BOCI,BOCIP,中銀,MC,My Choice Mandatory Provident Fund Scheme,我的強積金計劃,MIX_61_80,Mixed Assets Fund - 61% to 80% Equity,混合資產基金 - 61% 至 80% 股票,My Choice Balanced Fund,我的均衡基金,,2010-07-28
723,BOCI,BOCIP,中銀,MC,My Choice Mandatory Provident Fund Scheme,我的強積金計劃,EQ_GCHNA,Equity Fund - Greater China Equity Fund,股票基金 - 大中華股票基金,My Choice China Equity Fund,我的中國股票基金,,2010-07-28
724,BOCI,BOCIP,中銀,MC,My Choice Mandatory Provident Fund Scheme,我的強積金計劃,MIX_DIS_CAF,Mixed Assets Fund - Default Investment Strategy - Core Accumulation Fund,混合資產基金 - 預設投資策略-核心累積基金,My Choice Core Accumulation Fund,我的核心累積基金,,2017-04-01
725,BOCI,BOCIP,中銀,MC,My Choice Mandatory Provident Fund Scheme,我的強積金計劃,BOND_GLOB,Bond Fund - Global Bond Fund,債券基金 - 環球債券基金,My Choice Global Bond Fund,我的環球債券基金,,2010-07-28
726,BOCI,BOCIP,中銀,MC,My Choice Mandatory Provident Fund Scheme,我的強積金計劃,EQ_GLOB,Equity Fund - Global Equity Fund,股票基金 - 環球股票基金,My Choice Global Equity Fund,我的環球股票基金,,2010-07-28
727,BOCI,BOCIP,中銀,MC,My Choice Mandatory Provident Fund Scheme,我的強積金計劃,MIX_81_100,Mixed Assets Fund - 81% to 100% Equity,混合資產基金 - 81% 至 100% 股票,My Choice Growth Fund,我的增長基金,,2010-07-28
728,BOCI,BOCIP,中銀,MC,My Choice Mandatory Provident Fund Scheme,我的強積金計劃,BOND_HKD,Bond Fund - Hong Kong Dollar Bond Fund,債券基金 - 港元債券基金,My Choice HKD Bond Fund,我的港元債券基金,,2010-07-28
729,BOCI,BOCIP,中銀,MC,My Choice Mandatory Provident Fund Scheme,我的強積金計劃,EQ_HK,Equity Fund - Hong Kong Equity Fund,股票基金 - 香港股票基金,My Choice Hong Kong Equity Fund,我的香港股票基金,,2010-07-28
730,BOCI,BOCIP,中銀,MC,My Choice Mandatory Provident Fund Scheme,我的強積金計劃,EQ_HK_IDX,Equity Fund - Hong Kong Equity Fund (Index Tracking),股票基金 - 香港股票基金（追蹤指數）,My Choice Hong Kong Tracking Fund,我的香港追蹤指數基金,,2010-07-28
731,BOCI,BOCIP,中銀,MC,My Choice Mandatory Provident Fund Scheme,我的強積金計劃,MM_MPFCON,Money Market Fund - MPF Conservative Fund,貨幣市場基金 - 強積金保守基金,My Choice MPF Conservative Fund,我的強積金保守基金,,2010-07-28
732,BOCI,BOCIP,中銀,MC,My Choice Mandatory Provident Fund Scheme,我的強積金計劃,MM_OTH,Money Market Fund - Other than MPF Conservative Fund,貨幣市場基金 - 不包括強積金保守基金,My Choice RMB & HKD Money Market Fund,我的人民幣及港元貨幣市場基金,,2014-10-06
733,BOCI,BOCIP,中銀,MC,My Choice Mandatory Provident Fund Scheme,我的強積金計劃,MIX_41_60,Mixed Assets Fund - 41% to 60% Equity,混合資產基金 - 41% 至 60% 股票,My Choice Stable Fund,我的平穩基金,,2010-07-28
801,BCOM,BCOM,交銀,JR,BCOM Joyful Retirement MPF Scheme,交通銀行愉盈退休強積金計劃,MIX_DIS_65,Mixed Assets Fund - Default Investment Strategy - Age 65 Plus Fund,混合資產基金 - 預設投資策略-65歲後基金,BCOM Age 65 Plus Fund,交通銀行65歲後基金,,2017-04-01
802,BCOM,BCOM,交銀,JR,BCOM Joyful Retirement MPF Scheme,交通銀行愉盈退休強積金計劃,EQ_ASIA,Equity Fund - Asia Equity Fund,股票基金 - 亞洲股票基金,BCOM Asian Dynamic Equity (CF) Fund,交通銀行亞洲動力股票成分基金,,2006-10-25
803,BCOM,BCOM,交銀,JR,BCOM Joyful Retirement MPF Scheme,交通銀行愉盈退休強積金計劃,MIX_61_80,Mixed Assets Fund - 61% to 80% Equity,混合資產基金 - 61% 至 80% 股票,BCOM Balanced (CF) Fund,交通銀行均衡成分基金,,2006-01-10
804,BCOM,BCOM,交銀,JR,BCOM Joyful Retirement MPF Scheme,交通銀行愉盈退休強積金計劃,EQ_CHN,Equity Fund - China Equity Fund,股票基金 - 中國股票基金,BCOM China Dynamic Equity (CF) Fund,交通銀行中國動力股票成分基金,,2008-06-01
805,BCOM,BCOM,交銀,JR,BCOM Joyful Retirement MPF Scheme,交通銀行愉盈退休強積金計劃,MIX_DIS_CAF,Mixed Assets Fund - Default Investment Strategy - Core Accumulation Fund,混合資產基金 - 預設投資策略-核心累積基金,BCOM Core Accumulation Fund,交通銀行核心累積基金,,2017-04-01
806,BCOM,BCOM,交銀,JR,BCOM Joyful Retirement MPF Scheme,交通銀行愉盈退休強積金計劃,MIX_81_100,Mixed Assets Fund - 81% to 100% Equity,混合資產基金 - 81% 至 100% 股票,BCOM Dynamic Growth (CF) Fund,交通銀行動力增長成分基金,,2006-10-25
807,BCOM,BCOM,交銀,JR,BCOM Joyful Retirement MPF Scheme,交通銀行愉盈退休強積金計劃,BOND_GLOB,Bond Fund - Global Bond Fund,債券基金 - 環球債券基金,BCOM Global Bond (CF) Fund,交通銀行環球債券成分基金,,2010-11-15
808,BCOM,BCOM,交銀,JR,BCOM Joyful Retirement MPF Scheme,交通銀行愉盈退休強積金計劃,EQ_GCHNA,Equity Fund - Greater China Equity Fund,股票基金 - 大中華股票基金,BCOM Greater China Equity (CF) Fund,交通銀行大中華股票成分基金,,2010-11-15
809,BCOM,BCOM,交銀,JR,BCOM Joyful Retirement MPF Scheme,交通銀行愉盈退休強積金計劃,GUAR,Guaranteed Fund,保證基金,BCOM Guaranteed (CF) Fund,交通銀行保證回報成分基金,,2000-12-01
810,BCOM,BCOM,交銀,JR,BCOM Joyful Retirement MPF Scheme,交通銀行愉盈退休強積金計劃,EQ_HK,Equity Fund - Hong Kong Equity Fund,股票基金 - 香港股票基金,BCOM Hong Kong Dynamic Equity (CF) Fund,交通銀行香港動力股票成分基金,,2007-10-17
811,BCOM,BCOM,交銀,JR,BCOM Joyful Retirement MPF Scheme,交通銀行愉盈退休強積金計劃,EQ_HK_IDX,Equity Fund - Hong Kong Equity Fund (Index Tracking),股票基金 - 香港股票基金（追蹤指數）,BCOM HSI ESG Tracking (CF) Fund,交通銀行恒指ESG成分基金,,2009-09-30
812,BCOM,BCOM,交銀,JR,BCOM Joyful Retirement MPF Scheme,交通銀行愉盈退休強積金計劃,MM_MPFCON,Money Market Fund - MPF Conservative Fund,貨幣市場基金 - 強積金保守基金,BCOM MPF Conservative Fund,交通銀行強積金保守基金,,2000-12-01
813,BCOM,BCOM,交銀,JR,BCOM Joyful Retirement MPF Scheme,交通銀行愉盈退休強積金計劃,EQ_US,Equity Fund - United States Equity Fund,股票基金 - 美國股票基金,BCOM North American Equity (CF) Fund,交通銀行北美股票成分基金,,2023-02-01
814,BCOM,BCOM,交銀,JR,BCOM Joyful Retirement MPF Scheme,交通銀行愉盈退休強積金計劃,MIX_41_60,Mixed Assets Fund - 41% to 60% Equity,混合資產基金 - 41% 至 60% 股票,BCOM Stable Growth (CF) Fund,交通銀行平穩增長成分基金,,2006-01-10
1001,CHNL,China Life,國壽,CL,China Life MPF Master Trust Scheme,中國人壽強積金集成信託計劃,MIX_DIS_65,Mixed Assets Fund - Default Investment Strategy - Age 65 Plus Fund,混合資產基金 - 預設投資策略-65歲後基金,China Life Age 65 Plus Fund,中國人壽65歲後基金,,2017-04-01
1002,CHNL,China Life,國壽,CL,China Life MPF Master Trust Scheme,中國人壽強積金集成信託計劃,MIX_61_80,Mixed Assets Fund - 61% to 80% Equity,混合資產基金 - 61% 至 80% 股票,China Life Balanced Fund,中國人壽平衡基金,,2000-12-01
1003,CHNL,China Life,國壽,CL,China Life MPF Master Trust Scheme,中國人壽強積金集成信託計劃,MIX_DIS_CAF,Mixed Assets Fund - Default Investment Strategy - Core Accumulation Fund,混合資產基金 - 預設投資策略-核心累積基金,China Life Core Accumulation Fund,中國人壽核心累積基金,,2017-04-01
1004,CHNL,China Life,國壽,CL,China Life MPF Master Trust Scheme,中國人壽強積金集成信託計劃,EQ_GCHNA,Equity Fund - Greater China Equity Fund,股票基金 - 大中華股票基金,China Life Greater China Equity Fund,中國人壽大中華股票基金,,2021-12-13
1005,CHNL,China Life,國壽,CL,China Life MPF Master Trust Scheme,中國人壽強積金集成信託計劃,MIX_81_100,Mixed Assets Fund - 81% to 100% Equity,混合資產基金 - 81% 至 100% 股票,China Life Growth Fund,中國人壽增長基金,,2000-12-01
1006,CHNL,China Life,國壽,CL,China Life MPF Master Trust Scheme,中國人壽強積金集成信託計劃,EQ_HK,Equity Fund - Hong Kong Equity Fund,股票基金 - 香港股票基金,China Life Hong Kong Equity Fund,中國人壽香港股票基金,,2011-12-23
1007,CHNL,China Life,國壽,CL,China Life MPF Master Trust Scheme,中國人壽強積金集成信託計劃,GUAR,Guaranteed Fund,保證基金,China Life Joyful Retirement Guaranteed Fund,中國人壽樂安心保證基金,,2007-10-01
1008,CHNL,China Life,國壽,CL,China Life MPF Master Trust Scheme,中國人壽強積金集成信託計劃,MM_MPFCON,Money Market Fund - MPF Conservative Fund,貨幣市場基金 - 強積金保守基金,China Life MPF Conservative Fund,中國人壽強積金保守基金,,2000-12-01
1009,CHNL,China Life,國壽,CL,China Life MPF Master Trust Scheme,中國人壽強積金集成信託計劃,EQ_GLOB,Equity Fund - Global Equity Fund,股票基金 - 環球股票基金,China Life Retire-Easy Global Equity Fund,中國人壽樂休閒環球股票基金,,2007-10-01
1010,CHNL,China Life,國壽,CL,China Life MPF Master Trust Scheme,中國人壽強積金集成信託計劃,EQ_US,Equity Fund - United States Equity Fund,股票基金 - 美國股票基金,China Life US Equity Fund,中國人壽美國股票基金,,2021-12-13
1101,YFLI,YF Life,萬通,MS,MASS Mandatory Provident Fund Scheme,萬全強制性公積金計劃,MIX_DIS_65,Mixed Assets Fund - Default Investment Strategy - Age 65 Plus Fund,混合資產基金 - 預設投資策略-65歲後基金,Age 65 Plus Fund,65 歲後基金,,2017-04-01
1102,YFLI,YF Life,萬通,MS,MASS Mandatory Provident Fund Scheme,萬全強制性公積金計劃,BOND_ASIA,Bond Fund - Asia Bond Fund,債券基金 - 亞洲債券基金,Asian Bond Fund,亞洲債券基金,,2003-03-17
1103,YFLI,YF Life,萬通,MS,MASS Mandatory Provident Fund Scheme,萬全強制性公積金計劃,EQ_ASIA,Equity Fund - Asia Equity Fund,股票基金 - 亞洲股票基金,Asian Pacific Equity Fund,亞太股票基金,,2007-03-19
1104,YFLI,YF Life,萬通,MS,MASS Mandatory Provident Fund Scheme,萬全強制性公積金計劃,MIX_DIS_CAF,Mixed Assets Fund - Default Investment Strategy - Core Accumulation Fund,混合資產基金 - 預設投資策略-核心累積基金,Core Accumulation Fund,核心累積基金,,2017-04-01
1105,YFLI,YF Life,萬通,MS,MASS Mandatory Provident Fund Scheme,萬全強制性公積金計劃,EQ_EUR,Equity Fund - Europe Equity Fund,股票基金 - 歐洲股票基金,European Equity Fund,歐洲股票基金,,2007-03-19
1106,YFLI,YF Life,萬通,MS,MASS Mandatory Provident Fund Scheme,萬全強制性公積金計劃,BOND_GLOB,Bond Fund - Global Bond Fund,債券基金 - 環球債券基金,Global Bond Fund,環球債券基金,,2003-03-17
1107,YFLI,YF Life,萬通,MS,MASS Mandatory Provident Fund Scheme,萬全強制性公積金計劃,EQ_GLOB,Equity Fund - Global Equity Fund,股票基金 - 環球股票基金,Global Equity Fund,環球證券基金,,2003-03-17
1108,YFLI,YF Life,萬通,MS,MASS Mandatory Provident Fund Scheme,萬全強制性公積金計劃,MIX_61_80,Mixed Assets Fund - 61% to 80% Equity,混合資產基金 - 61% 至 80% 股票,Global Growth Fund,環球增值基金,,2000-12-01
1109,YFLI,YF Life,萬通,MS,MASS Mandatory Provident Fund Scheme,萬全強制性公積金計劃,MIX_41_60,Mixed Assets Fund - 41% to 60% Equity,混合資產基金 - 41% 至 60% 股票,Global Stable Fund,環球均衡基金,,2000-12-01
1110,YFLI,YF Life,萬通,MS,MASS Mandatory Provident Fund Scheme,萬全強制性公積金計劃,EQ_GCHNA,Equity Fund - Greater China Equity Fund,股票基金 - 大中華股票基金,Greater China Equity Fund,大中華股票基金,,2011-05-01
1111,YFLI,YF Life,萬通,MS,MASS Mandatory Provident Fund Scheme,萬全強制性公積金計劃,GUAR,Guaranteed Fund,保證基金,Guaranteed Fund,保證基金,,2006-01-20
1112,YFLI,YF Life,萬通,MS,MASS Mandatory Provident Fund Scheme,萬全強制性公積金計劃,EQ_HK,Equity Fund - Hong Kong Equity Fund,股票基金 - 香港股票基金,Hong Kong Equities Fund,香港股票基金,,2007-03-19
1113,YFLI,YF Life,萬通,MS,MASS Mandatory Provident Fund Scheme,萬全強制性公積金計劃,MM_MPFCON,Money Market Fund - MPF Conservative Fund,貨幣市場基金 - 強積金保守基金,MPF Conservative Fund,強積金保守基金,,2000-12-01
1114,YFLI,YF Life,萬通,MS,MASS Mandatory Provident Fund Scheme,萬全強制性公積金計劃,EQ_US,Equity Fund - United States Equity Fund,股票基金 - 美國股票基金,US Equity Fund,美國股票基金,,2007-03-19
1201,BCT,BCT,銀聯,AM,AMTD MPF Scheme,AMTD強積金計劃,MM_MPFCON,Money Market Fund - MPF Conservative Fund,貨幣市場基金 - 強積金保守基金,AMTD Invesco MPF Conservative Fund,AMTD 景順強積金保守基金,,2009-07-10
1202,BCT,BCT,銀聯,AM,AMTD MPF Scheme,AMTD強積金計劃,BOND_GLOB,Bond Fund - Global Bond Fund,債券基金 - 環球債券基金,AMTD Invesco Global Bond Fund,AMTD 景順環球債券基金,,2009-07-10
1203,BCT,BCT,銀聯,AM,AMTD MPF Scheme,AMTD強積金計劃,EQ_ASIA,Equity Fund - Asia Equity Fund,股票基金 - 亞洲股票基金,AMTD Invesco Asia Fund,AMTD 景順亞洲基金,,2009-07-10
1204,BCT,BCT,銀聯,AM,AMTD MPF Scheme,AMTD強積金計劃,EQ_EUR,Equity Fund - Europe Equity Fund,股票基金 - 歐洲股票基金,AMTD Invesco Europe Fund,AMTD 景順歐洲基金,,2009-07-10
1205,BCT,BCT,銀聯,AM,AMTD MPF Scheme,AMTD強積金計劃,EQ_HK,Equity Fund - Hong Kong Equity Fund,股票基金 - 香港股票基金,AMTD Invesco Hong Kong and China Fund,AMTD 景順香港中國基金,,2009-07-10
1206,BCT,BCT,銀聯,AM,AMTD MPF Scheme,AMTD強積金計劃,MIX_21_40,Mixed Assets Fund - 21% to 40% Equity,混合資產基金 - 21% 至 40% 股票,AMTD Invesco Target Retirement Now Fund,AMTD景順目標現在退休基金,,2009-07-10
1207,BCT,BCT,銀聯,AM,AMTD MPF Scheme,AMTD強積金計劃,MIX_OTH,Mixed Assets Fund - Uncategorized Mixed Asset Fund,混合資產基金 - 未分類混合資產基金,AMTD Invesco Target 2028 Retirement Fund,AMTD 景順目標2028退休基金,,2009-07-10
1208,BCT,BCT,銀聯,AM,AMTD MPF Scheme,AMTD強積金計劃,MIX_OTH,Mixed Assets Fund - Uncategorized Mixed Asset Fund,混合資產基金 - 未分類混合資產基金,AMTD Invesco Target 2038 Retirement Fund,AMTD 景順目標2038退休基金,,2009-07-10
1209,BCT,BCT,銀聯,AM,AMTD MPF Scheme,AMTD強積金計劃,MIX_OTH,Mixed Assets Fund - Uncategorized Mixed Asset Fund,混合資產基金 - 未分類混合資產基金,AMTD Invesco Target 2048 Retirement Fund,AMTD 景順目標2048退休基金,,2009-07-10
1210,BCT,BCT,銀聯,AM,AMTD MPF Scheme,AMTD強積金計劃,MIX_DIS_CAF,Mixed Assets Fund - Default Investment Strategy - Core Accumulation Fund,混合資產基金 - 預設投資策略-核心累積基金,AMTD Invesco Core Accumulation Fund,AMTD 景順核心累積基金,,2017-04-01
1211,BCT,BCT,銀聯,AM,AMTD MPF Scheme,AMTD強積金計劃,MIX_DIS_65,Mixed Assets Fund - Default Investment Strategy - Age 65 Plus Fund,混合資產基金 - 預設投資策略-65歲後基金,AMTD Invesco Age 65 Plus Fund,AMTD 景順65歲後基金,,2017-04-01
1212,BCT,BCT,銀聯,AM,AMTD MPF Scheme,AMTD強積金計劃,MIX_OTH,Mixed Assets Fund - Uncategorized Mixed Asset Fund,混合資產基金 - 未分類混合資產基金,AMTD Allianz Choice Dynamic Allocation Fund,AMTD 安聯精選靈活資產基金,,2009-07-10
1213,BCT,BCT,銀聯,AM,AMTD MPF Scheme,AMTD強積金計劃,MIX_21_40,Mixed Assets Fund - 21% to 40% Equity,混合資產基金 - 21% 至 40% 股票,AMTD Allianz Choice Capital Stable Fund,AMTD 安聯精選穩定資本基金,,2009-07-10
1214,BCT,BCT,銀聯,AM,AMTD MPF Scheme,AMTD強積金計劃,MIX_41_60,Mixed Assets Fund - 41% to 60% Equity,混合資產基金 - 41% 至 60% 股票,AMTD Allianz Choice Stable Growth Fund,AMTD 安聯精選穩定增長基金,,2009-07-10
1215,BCT,BCT,銀聯,AM,AMTD MPF Scheme,AMTD強積金計劃,MIX_61_80,Mixed Assets Fund - 61% to 80% Equity,混合資產基金 - 61% 至 80% 股票,AMTD Allianz Choice Balanced Fund,AMTD 安聯精選均衡基金,,2009-07-10
1216,BCT,BCT,銀聯,AM,AMTD MPF Scheme,AMTD強積金計劃,MIX_81_100,Mixed Assets Fund - 81% to 100% Equity,混合資產基金 - 81% 至 100% 股票,AMTD Allianz Choice Growth Fund,AMTD 安聯精選增長基金,,2009-07-10